longitude,latitude,Aerosol_Index,Temperature_2m,Wind_U,NO2_Density,HCHO_Density,Actual_PM25
111.63588614574324,0.07411101093986053,-0.2592942200074109,28.81822001610277,-0.22061658052750577,5.233515247749994e-05,0.00018438234903055858,34.72130047152349
110.49951731133204,-2.000997295376234,-0.35435931438497764,28.13154587451328,-1.5987549931914715,5.731980889379166e-05,0.00017616238428355636,35.98888762678293
111.1418127394775,0.6669990984587447,-0.4624918372421259,28.643605215755542,0.1461647719512751,5.093814372726861e-05,0.0002223429885171242,32.37967258949009
112.42640359576842,-0.17292569219300788,-0.707431125640469,27.49879365614902,-0.5940274059036631,4.792130894721415e-05,0.0001505388424533083,13.523082194605134
109.70899986130686,1.1116651640979078,-0.37050581284705586,27.007088409235507,0.007306777400734981,6.027118986243695e-05,0.0002615098298593911,35.58238070658871
110.35129528945232,0.5187770765790237,-0.2384586582982551,27.81512154002246,0.5834319341329881,6.631427519461741e-05,0.00023286437262258288,41.08454808404324
110.30188794882575,-1.3587018672307762,-0.4228790269004293,28.645690960354273,-0.5815558889765798,5.330387499179407e-05,0.00018411131196470498,32.647394924325084
113.5627724301796,0.7164064390853184,-0.6653143827408443,25.714164870462355,-0.4811628527111477,4.206930772346179e-05,0.00013545107358407487,15.059050401430431
112.96988434266072,1.1610725047244816,-0.6772824934773388,26.52973019164284,-0.1621147600221045,4.4426499203266484e-05,0.00011750934686972438,11.686661723785669
110.49951731133204,-2.000997295376234,-0.35435931438497764,28.13154587451328,-1.5987549931914715,5.731980889379166e-05,0.00017616238428355636,38.10373619135366
113.01929168328729,0.6669990984587447,-0.6230046737075934,28.25616911428949,-0.30649756649394094,5.356859119699662e-05,0.00015935191318006419,24.45231984307454
110.45010997070547,-1.9515899547496605,-0.2623015323651794,28.13154587451328,-1.5987549931914715,5.893117954142366e-05,0.0002137182255257368,44.51544580874375
110.54892465195861,0.27174037344615526,-0.11176681612376581,28.19419657860277,0.5490781834096086,7.370493102928788e-05,0.00026739749390021603,53.19993353650865
109.41255581754741,-0.17292569219300788,0.3490036275750305,28.495137574937644,-0.09138631673506749,6.714170977505527e-05,0.00021742555112568837,72.62136769595323
109.85722188318658,0.4199623953258763,-0.3688046774040201,27.812083345577946,0.5026522815963369,5.265430667232779e-05,0.0002235142639951309,33.5554430476832
111.24062742073065,-0.32114771407272896,-0.5966515503517587,28.4360856845056,-0.15708425751438848,4.606595089819892e-05,0.00011447879338722382,17.4582176456164
113.2169210457936,0.5187770765790237,-0.8680763398410042,24.537835057576558,-0.25987725640520637,4.499534327663582e-05,0.00010294951754045703,8.77430592694149
113.66158711143275,0.7164064390853184,-0.7638420747164072,25.14859050703643,-0.43204386881840084,4.374959542078847e-05,0.00011973768082444663,15.203741990843273
110.69714667383833,-2.6927000641482657,-0.3649523729778252,27.531345739482333,-2.2703105005217186,4.846303784592602e-05,0.0001237620620690802,36.38721307147116
111.1418127394775,-0.32114771407272896,-0.4197644903441557,27.97623626803187,-0.1351507843276601,4.900793568819483e-05,0.00017357004321060253,29.875730704293936
110.99359071759778,-0.5187770765790237,-0.4717850379880207,24.858681050053406,-0.31599945933730506,4.394058421331684e-05,0.00010492248862677077,23.193692475731677
110.0054439050663,-1.7539605922433656,0.9010382612738544,27.792744996812644,-1.9757781955930924,7.832262054684294e-05,0.00037435008979991964,102.81141011082019
109.90662922381316,1.40810920785735,-0.4087312726193662,27.191954101750866,0.3320401818663985,5.140520531198487e-05,0.00023880488444507508,31.64585850574896
113.76040179268591,0.5681844172055973,-0.8038358504819785,23.99778393874942,-0.31254758216716627,4.0912455190822884e-05,6.508504457234571e-05,14.161122031791447
110.0054439050663,-0.7658137797118921,-0.45976851165610294,28.818458128564146,0.08319683575335841,5.144382144199253e-05,0.00023108456189852733,25.48813153323721
110.25248060819918,-2.000997295376234,0.022879915822455025,28.42639541155029,-1.529760400454203,6.870188708025343e-05,0.00024046828210132432,59.626952185551076
112.72284763952786,1.0622578234713342,-0.6592433385591103,28.63018350954411,0.001270325095565233,5.0869462310233014e-05,0.00016691573466643173,16.544287459945128
109.80781454256001,-0.4199623953258763,-0.5602869636868012,28.702286374127425,0.161799567717093,4.962825994444995e-05,0.00017267243647057191,23.118179699179368
111.98173753012925,0.3705550546993026,-0.3197056402164811,28.270247890331177,0.10985940326879054,5.264098282590977e-05,0.00018176889321065034,34.27045588490868
110.25248060819918,-2.2480339985091025,0.013150373183240237,28.06875953674313,-1.665764813069944,6.396927778827827e-05,0.00020867090857247124,55.42554405039005
111.29003476135722,0.3705550546993026,-0.3501911670457275,28.823850320886663,-0.049706840220792796,5.101834290142985e-05,0.0002071951693562515,31.345640804212273
110.35129528945232,-1.9021826141230869,0.037879592408685034,28.33646726726016,-1.4329842623369191,6.225666969864742e-05,0.00025195093845307287,59.54834427315958
111.83351550824953,0.1235183515664342,-0.41527393540074126,28.483461022082622,-0.1888210317234934,5.2947938576707457e-05,0.00017497770556994512,25.300498539284384
110.7465540144649,-1.9515899547496605,-0.5793171480294251,27.86611678982956,-1.4057882023446353,4.5342138307055953e-05,0.00015637165124535507,19.280715189662992
109.461963158174,-1.1116651640979078,-0.385749263522904,27.86659904291605,-1.6709362239013488,4.866209182423768e-05,0.00023602844560061486,28.707650045678683
111.04299805822436,0.8646284609650394,-0.38825007915722753,27.938044837669167,0.15633654447249423,5.379676100280744e-05,0.00017983948960962863,30.5433108378234
109.75840720193344,1.0128504828447604,-0.4563206149268131,24.87941190460583,-0.015842877788308223,5.4303762260312926e-05,0.0002511893317909901,24.69614755136718
110.84536869571805,-2.34684867976225,-0.4468440312789349,27.640961866025577,-1.5310805682782773,4.827837468993227e-05,0.00016831837572643397,24.889837002030376
109.51137049880057,1.5069238891104972,-0.5099984500821388,27.5397128305317,0.46951320583437706,5.4803024832348414e-05,0.00022103537323094868,19.882270001802837
112.821662320781,1.40810920785735,-0.5600793714821696,25.746102081110507,0.06355180416578128,4.511058229300877e-05,9.381075887657363e-05,20.96140467961758
113.46395774892646,0.3705550546993026,-0.8903010402640439,23.924493525940704,-0.2711032040325212,4.2688439539620916e-05,0.0001091755956309741,5.066667479360059
113.36514306767332,-0.02470367031328684,-0.7525085644875769,26.482394037128984,-0.40808643970960456,4.440257269221868e-05,0.00012394031640616452,11.826672111675936
109.16551911441455,0.17292569219300788,-0.10634713173057721,28.27035338319382,0.47079117651338925,5.684716389264308e-05,0.00025065443402425415,42.11120119602203
111.38884944261036,0.6669990984587447,-0.3048987499836279,28.81123337451328,0.06829069426030289,5.22299494773511e-05,0.00018098405470808068,25.14647852893616
113.06869902391388,0.22233303281958158,-0.615953350124483,23.718065092298673,-0.36810238420227426,4.12361451039015e-05,9.390530142476109e-05,17.182896756304178
108.96788975190826,0.8152211203384657,-0.214000610544693,27.64696290286969,0.5658703865828338,5.260326983391044e-05,0.0002415623277461712,36.9485020537055
111.98173753012925,1.1116651640979078,-0.39020525610026063,28.71519870051634,0.1546931163764294,5.2045226504854444e-05,0.00014785566836762824,33.32937252144894
110.10425858631945,-0.617591757832171,-0.17640118806131333,28.666451955724654,0.14308362684132142,5.160696716567252e-05,0.000197617904140321,36.37052662362622
111.29003476135722,0.9634431422181868,-0.30645148909832426,27.87821531413516,0.0989717863224171,6.218468882772313e-05,0.0001870040308230947,40.88241306999229
109.16551911441455,1.556331229737071,-0.013018479505916867,27.943162748548787,1.0230252139362288,5.622332631370858e-05,0.00025492674972334243,50.10788750332007
111.38884944261036,-0.22233303281958158,-0.4095849632302948,28.90905238492985,-0.3923695102150057,5.341870321121737e-05,0.00018312226663561536,34.652088206341915
109.51137049880057,-1.1116651640979078,-0.5091678778791011,27.86659904291605,-1.6709362239013488,4.8521207861424536e-05,0.00022913964875861885,26.585425203154312
110.25248060819918,-1.2104798453510552,-0.4413668096269638,28.291747335740126,-0.25341732560852426,4.865929380898779e-05,0.0002076920852931411,29.247076771953356
110.30188794882575,-2.4456633610153973,-0.4685686324003419,27.80392422617217,-1.8115265619607617,4.956684848789946e-05,0.00011937882363977434,28.62792357435642
112.17936689263554,0.8646284609650394,0.11081043041544618,29.2875909169515,0.37772612660019483,5.099655663149218e-05,0.00016256345683191776,52.263399145738795
109.21492645504112,1.5069238891104972,-0.1375995776516999,27.833872142838914,0.8296703600589139,5.3848347070261626e-05,0.00025740831756088925,39.33924160850565
111.68529348636982,0.27174037344615526,-0.4090124831368267,28.679418535585796,-0.10598577540597798,5.0018416655687316e-05,0.00016945592064008044,25.562539514521742
111.68529348636982,-0.9634431422181868,-0.646003281688669,26.930027380107447,-0.8236627622886943,4.8510584622856515e-05,0.00011405636537994334,22.297101184511924
113.06869902391388,0.5187770765790237,-0.5376576716434326,24.04559933226784,-0.2005864999912403,4.5273760409199574e-05,9.689988515311081e-05,26.33762789878271
111.09240539885093,-2.5938853828951185,-0.39944782895548375,27.51130209557806,-1.5137601472713331,4.7726984445864566e-05,0.00010844349525402242,28.532531462273194
112.77225498015443,0.7658137797118921,-0.6828636538263058,28.7653741200765,-0.10143978654602427,4.627735902409432e-05,0.00015245194304888557,23.167132355394298
111.19122008010407,0.3705550546993026,-0.31368700741468103,28.78402525819382,0.05751610538105907,5.4191282337984355e-05,0.00021112730070271736,32.64549627829208
112.37699625514185,0.7658137797118921,-0.5618676800156736,29.264771303718476,0.2894534667332967,4.7457416727376216e-05,0.0001253433606376216,13.168703115580545
112.77225498015443,1.1610725047244816,-0.6644849679575603,27.342622022275634,-0.011449100058755756,4.5211217401442536e-05,0.00012157544948263335,15.165825850130547
110.05485124569287,-0.22233303281958158,-0.261868574787014,28.40240633458268,0.2849436468548245,5.057741590388331e-05,0.0002090702667333664,33.7809051195687
111.19122008010407,-0.27174037344615526,-0.42734776215376413,28.4360856845056,-0.15708425751438848,4.9772546754708095e-05,0.0001728833235507884,28.79195625154021
111.83351550824953,0.1235183515664342,-0.41527393540074126,28.483461022082622,-0.1888210317234934,5.2947938576707457e-05,0.00017497770556994512,28.80842895588622
109.2643337956677,0.8152211203384657,-0.36185849944358167,26.995224983309583,0.11706908691076585,5.3100735037501374e-05,0.00022729931752485803,31.08047913481093
110.25248060819918,-0.4199623953258763,-0.4562154699632015,28.66859798195918,0.15574804500297265,5.3621201490987944e-05,0.00023083291385299787,27.272771833064866
111.8829228488761,0.617591757832171,-0.48279026186979807,28.84245926185889,0.23171722300258685,4.9297238743490566e-05,0.00021510050285861233,30.31765350096778
112.72284763952786,-0.07411101093986053,-0.48306108047827184,28.026821602715415,-0.7797257385136168,5.3333286929754566e-05,0.00014624828105841255,23.145701894448464
113.2169210457936,0.5681844172055973,-0.8451210791477857,24.80444566232194,-0.3380128056914718,4.851206163043899e-05,0.00012053631189303199,5.904588230238986
110.0054439050663,-1.7539605922433656,0.9010382612738544,27.792744996812644,-1.9757781955930924,7.832262054684294e-05,0.00037435008979991964,99.35405761966044
109.85722188318658,1.3587018672307762,-0.4067303199178455,27.191954101750866,0.3320401818663985,5.3852680486434595e-05,0.00022603233548253724,33.74643047914841
111.63588614574324,0.1235183515664342,-0.28831423403956796,28.81822001610277,-0.22061658052750577,5.057906887113552e-05,0.00018303183889945102,37.537227298392615
110.15366592694602,-2.0504046360028076,0.2906911367388655,28.23481735888828,-1.9153466092215647,6.731111223774366e-05,0.0002880692956043573,64.38381174812743
113.26632838642017,-0.22233303281958158,-0.2551427853218756,23.690480215755542,-0.4767442088068268,4.528529988103228e-05,0.00012696635243018473,37.76037140391703
110.15366592694602,-1.6551459109902185,0.7602387797609909,28.579622287514837,-1.2103084208052832,7.49555742456787e-05,0.0003058160203280565,95.48953815135572
111.04299805822436,-0.07411101093986053,-0.3100802699268738,28.630512044459238,0.14344833073792637,5.515081901321371e-05,0.00020298202277871136,33.19828667144591
111.98173753012925,0.22233303281958158,-0.2384097324399632,28.08497831085583,-0.10044061843259836,5.755651838345537e-05,0.00017004030977921123,40.582175055061654
112.22877423326211,0.22233303281958158,-0.39241968482181994,27.531110641102828,-0.1313786609673206,5.4985029892100476e-05,0.00019105765132681107,32.19781048163052
109.41255581754741,0.27174037344615526,-0.17783717195179047,27.763071361588857,0.2783209556414757,5.2835830217418445e-05,0.00021604685112506725,41.89787931043476
109.56077783942715,-0.46936973595244996,-0.19821904797220982,28.598062439906755,0.010637337778821402,4.9297153860747316e-05,0.00018050929052249975,40.48698269286062
112.87106966140757,1.3092945266042026,-0.5182425056909743,25.07362125067067,-0.040106989719249586,4.310250141833912e-05,0.00011147509282680131,23.62512818313182
111.58647880511666,0.617591757832171,-0.39866413857994787,28.693593762244745,0.07696823573406832,5.325327337236325e-05,0.00018006158542026353,32.7790831501206
111.78410816762296,0.5187770765790237,-0.5925521253349993,28.67263986563978,0.10218329046979363,4.9909946212060526e-05,0.00019128167040943504,19.428401126487486
112.0805522113824,-0.617591757832171,-0.7586808306786874,27.001331513016282,-0.4816119508978762,4.9048461796505375e-05,0.0001565243783909733,11.347018482654493
109.2643337956677,-0.7164064390853184,-0.30884616231164275,28.04873699141143,-0.9338153953905459,5.180665199028111e-05,0.00019620742112163057,35.490954589308004
109.461963158174,-1.3092945266042026,-0.35294656235800026,27.731049756650634,-2.601460131598108,4.913250369098669e-05,0.00021368652700909398,35.141165882592276
111.68529348636982,0.7164064390853184,-0.38629349026803667,28.49515264534665,0.1884877549277412,5.2094079622658225e-05,0.00015934256429377412,30.081168867070495
110.35129528945232,-1.6057385703636446,-0.3933864577514931,28.774693660971536,-1.048490658218478,5.27360288913099e-05,0.00020533741396893898,32.118308991059706
109.461963158174,0.22233303281958158,-0.17329268647417853,27.833311523625866,0.2919250138011979,5.363012465346406e-05,0.00023625585423696382,39.59097501654441
113.06869902391388,1.0128504828447604,-0.7672496648758014,27.956840651712355,-0.3080739312701755,4.433218173747158e-05,0.00016131132650961402,11.673719012317044
111.19122008010407,0.7164064390853184,-0.45232138812932665,28.63987076841761,0.1145267089207967,5.168346598163055e-05,0.00018996031291898717,27.15005246890028
109.61018518005372,1.1116651640979078,-0.43206697252608667,27.253127905763165,0.07654475724255597,5.571638105091838e-05,0.0003003796337542141,33.55248708093512
110.25248060819918,-2.939736767281134,-0.1462671169913821,27.38393302729105,-5.822026869397105,4.716112252258014e-05,9.900230781422684e-05,51.76886405429752
110.45010997070547,-1.3587018672307762,-0.4496459261965922,28.710138057190704,-0.7910850592601446,5.2313705223204776e-05,0.00018208895115928234,31.70581867454282
109.51137049880057,0.3705550546993026,-0.18474661195039996,27.275884223278695,0.2744749872772782,5.270695486765083e-05,0.0002035450523649127,43.6106981813592
109.56077783942715,0.9634431422181868,-0.4604253503029016,27.077373782499365,-0.06418121449741318,5.2791341122977166e-05,0.00029909647719588925,27.888499781248832
112.821662320781,0.8646284609650394,-0.5234337996544428,28.75836637991449,-0.12371008337279897,4.711212139820114e-05,0.0001394970844077782,24.703049965928376
112.96988434266072,0.8646284609650394,-0.5959744460181766,28.51829476533112,-0.2893512087103761,5.280202544200256e-05,0.00017992500697172533,25.294886607863017
112.47581093639499,0.5187770765790237,-0.3066424483057493,28.219551034621247,0.015760523301583756,5.045986018458949e-05,0.00017989266857375833,30.650681405278814
113.9580311551922,1.3092945266042026,-0.8975304731698772,24.167913785392898,-0.021837132948416247,4.104226942819464e-05,6.512251733955825e-05,2.42689011219382
112.17936689263554,0.1235183515664342,-0.34888472875870463,27.52841002381882,-0.21920372968838536,5.21237557714663e-05,0.00016287396442575558,29.533182439947385
110.94418337697121,0.07411101093986053,-0.3482963960571147,28.61699087354873,0.38239644633399117,5.239155078828712e-05,0.0002022678858991147,34.09232384309722
110.49951731133204,-0.02470367031328684,-0.054925361626454595,28.04632572597933,0.3902820378174017,5.8338735205308935e-05,0.00022951727535066216,50.88247375026646
113.01929168328729,0.4199623953258763,-0.6964044343787957,26.51041896961351,-0.14593366193182675,4.793356686768235e-05,0.00014475779765544912,16.39490444000133
113.2169210457936,0.07411101093986053,-0.8373187534650672,24.366180085547228,-0.45353201142063854,4.5401069336083256e-05,0.00010055325431397946,11.320857934809668
112.03114487075582,0.9140358015916131,-0.010940011158797626,29.101724549281812,0.302191729898806,5.015079556244511e-05,0.00015015342195365969,46.02115586088539
112.67344029890128,0.22233303281958158,-0.49276012036468747,24.60571820765375,-0.3969305694839101,4.1139080722067574e-05,8.292085329090604e-05,23.362095866178652
111.48766412386351,-0.5681844172055973,-0.7124926995961045,26.906761682769456,-0.35910610357920336,5.071566207203684e-05,0.00016461878934587556,16.24048090637259
113.11810636454045,1.3092945266042026,-0.8264465750494089,25.84575063917373,-0.13592464982727426,4.226029125746132e-05,8.133977416918021e-05,2.3883078204057906
110.59833199258519,-2.5444780422685445,-0.35949340946095804,27.688716977908314,-1.620144424615083,4.887471318000067e-05,0.00010201233630367666,34.06714251845809
110.49951731133204,-0.07411101093986053,0.07607491521676575,28.04514420591761,0.3136565435079881,5.77810068788015e-05,0.0001980910333489907,52.184863009114544
111.38884944261036,0.8152211203384657,-0.21355774956359538,28.934533432383603,0.09213057417928436,5.789720176376844e-05,0.0001742802009426966,42.465944188517575
111.83351550824953,0.07411101093986053,-0.39488831511764466,28.483461022082622,-0.1888210317234934,5.1819987448587266e-05,0.0001772871393126013,32.2726685574589
110.25248060819918,0.5681844172055973,-0.07274028683962078,27.627473850014837,0.5666028084578337,7.428226682681392e-05,0.0002465756724246658,59.21112740597655
112.96988434266072,0.17292569219300788,-1.0201519923448326,24.551594340948384,-0.354411671191086,4.3071451243818585e-05,9.316511101338207e-05,2.2573913139102912
113.2169210457936,0.32114771407272896,-0.8035289431662079,24.93228492736813,-0.3179186759171663,4.617663041884471e-05,0.0001501259941546713,8.993036836552214
109.85722188318658,-1.0622578234713342,0.02209465764890733,28.111743357152193,-0.24589719154216622,5.4598598740396416e-05,0.00029205614809673134,45.445995658269354
113.46395774892646,0.6669990984587447,-0.5874974934294249,25.749028754528695,-0.4540353630795891,4.5090941495042495e-05,0.00013679486842386792,17.56923305563764
110.45010997070547,-2.3962560203888237,-0.42447304472808006,27.783603286743187,-1.5844916046401605,4.807397023740555e-05,0.00016883859852636263,31.735720047881927
109.75840720193344,-0.9634431422181868,0.13057462621572014,28.233189754721593,-0.30239314061624034,5.6468478035734493e-05,0.00023166254734103094,56.32453356267192
111.04299805822436,-0.1235183515664342,-0.4019961391375609,28.630512044459238,0.14344833073792637,5.461513011988419e-05,0.0002220743436570093,32.638545143292376
110.89477603634464,0.5681844172055973,-0.41466828603746736,28.435947036743244,0.3513996292043616,5.518240014454642e-05,0.00021499729389079197,25.888699395225682
110.84536869571805,-1.1116651640979078,-0.7100769846105793,28.453561330724654,-0.7504484550452527,4.489148628677106e-05,0.0001320086313952318,13.549414381297685
112.87106966140757,1.3587018672307762,-0.5315790857123105,24.498715290022574,-0.007598610571873039,4.485478979033383e-05,0.00010534083199579225,21.17272875566246
110.64773933321176,-2.791514745401413,-0.36339059194657025,27.420873613710796,-3.622667964593863,4.7074417877805984e-05,0.0001321084828917531,35.440355075934036
109.61018518005372,0.22233303281958158,-0.16655244229159014,27.731559136473095,0.29240952744896026,5.385166800787575e-05,0.00020414753174544868,41.37893168593021
110.45010997070547,-1.3587018672307762,-0.4496459261965922,28.710138057190704,-0.7910850592601446,5.2313705223204776e-05,0.00018208895115928234,31.221085553923825
112.27818157388869,-0.6669990984587447,-0.7762350170390371,24.8280097537571,-0.5480498487566724,4.627308906065781e-05,0.00011161515209059997,12.221186245070035
109.65959252068029,-0.32114771407272896,-0.48326937378048296,28.530329993919167,0.1694779410774325,5.147770488261051e-05,0.0001972831043769355,21.293905761509684
113.11810636454045,0.8646284609650394,-0.6785250449315516,28.214981686627482,-0.3341577950819039,4.795153417035094e-05,0.0001647266227007797,10.838365674805749
110.89477603634464,-2.840922086027987,-0.3534605289532837,27.439591061627368,-2.3411873873369196,5.443269502522998e-05,0.0001427013098281223,30.782216380597387
110.30188794882575,0.22233303281958158,-0.12113414729202628,28.29778454156576,0.5005115300049018,7.928022106806984e-05,0.000221542732755125,52.56135149276941
110.69714667383833,-0.27174037344615526,-0.1437411300004696,27.915167956882044,0.07413876645358991,6.314080072493718e-05,0.0002180642467844375,44.6959239853163
109.51137049880057,-1.2104798453510552,-0.5592441474553476,27.869055519575056,-2.1092439978211015,4.900825050490596e-05,0.00017736137806824987,26.186866222383653
109.61018518005372,1.5069238891104972,-0.5741972155302766,27.551778199937644,0.4783746062973399,5.3593123084144114e-05,0.00024575063831375584,18.478188288158748
110.94418337697121,0.22233303281958158,-0.3390672559436444,28.67449352594076,0.4035997582070622,5.6353397731507574e-05,0.00023414930843416914,33.34877026396239
109.65959252068029,0.8646284609650394,-0.12333633670023056,27.311688500863568,-0.08156719178329279,6.3087156695684e-05,0.0002475010089857036,51.633319808242
109.95603656443973,-0.32114771407272896,-0.5046535027492535,28.62969824237581,0.2326749474913985,4.9346806329691776e-05,0.00023508450173106922,22.159576300045824
110.35129528945232,0.17292569219300788,-0.028693446155586774,28.225648522082736,0.507562220832448,7.704856871737724e-05,0.00024836894153970325,56.0431687300423
109.41255581754741,1.7539605922433656,-0.40406024214814695,27.868597379142898,0.8809835954948708,5.2109838209451825e-05,0.0002086066768520898,28.080039006799055
111.1418127394775,1.0128504828447604,-0.4484128301322879,27.56237269742985,0.06915573573406832,5.6790132531075534e-05,0.00021610087702661696,31.28377185775512
109.80781454256001,-0.07411101093986053,-0.435876224585665,28.487415497391396,0.26336131419664544,5.1302287416895837e-05,0.00022748985748223584,24.139019263401543
111.53707146449008,-0.46936973595244996,-0.7726711114810118,27.147598874127368,-0.29342021912704286,4.860213070553881e-05,0.00016483375568022532,8.415651373950878
111.09240539885093,-0.02470367031328684,-0.24870038096026212,28.652436475400577,0.1259071282398554,5.398872885583427e-05,0.00019507546677125198,38.31795867193418
109.75840720193344,1.0128504828447604,-0.4563206149268131,24.87941190460583,-0.015842877788308223,5.4303762260312926e-05,0.0002511893317909901,28.793059292840276
113.01929168328729,0.27174037344615526,-0.5174097474309891,26.063216640331177,-0.24164884325898722,4.47084676216253e-05,0.00011502157202703293,26.024570493120432
110.35129528945232,-0.46936973595244996,-0.12345413231771422,28.772424057383603,0.024219543845565246,6.514731649543185e-05,0.00023689771563172144,48.51257944902179
111.68529348636982,-0.17292569219300788,0.10050105348630387,28.684602756264724,-0.2961246040132311,7.113820205633742e-05,0.00022080945808878452,61.564847402450106
113.9580311551922,1.3587018672307762,-0.6472431457814466,23.60111570476016,-0.0652248403172434,4.095277953825228e-05,3.994048463274293e-05,17.168545145073843
110.25248060819918,-1.704553251616792,-0.018982840749426945,28.61300927150404,-1.087012884057598,6.640389699148782e-05,0.00025301045856941916,57.75383618882567
109.65959252068029,1.3092945266042026,-0.6447387117489031,27.258562295230774,0.2793811589111516,5.1108483500256954e-05,0.0002779597348261623,20.471269578640833
112.17936689263554,1.0622578234713342,-0.30205965370424226,28.38018953770768,0.30478911488144483,4.9165509376500955e-05,0.00020673985315944915,33.28082096125268
112.47581093639499,0.32114771407272896,-0.6331489394294765,26.27018760869538,-0.18472941569340082,4.6724224319485555e-05,0.00012209698689222314,15.33170368468373
110.35129528945232,-0.8646284609650394,-0.504944727914448,28.693087396503984,-0.23426509639363233,4.759982144351026e-05,0.00018321556316331543,25.870193957341954
109.85722188318658,0.17292569219300788,-0.3160959142133031,27.898593521118244,0.41113270212102804,5.381645823969391e-05,0.0002429060666852789,36.335855243210396
110.2030732675726,-0.1235183515664342,-0.02770505036815454,28.40376267138828,0.33982781569162995,6.399287036765582e-05,0.00019630610876924197,51.0068994561578
110.30188794882575,-0.1235183515664342,-0.20183024491148835,28.38417415383418,0.33422463764379057,5.725924020466076e-05,0.0002341564659758557,39.893995152156506
113.80980913331248,1.1610725047244816,-0.9060078657639478,25.075203643610507,0.03105623486601275,4.5949188701134935e-05,5.8725792693687625e-05,3.005652773389732
113.06869902391388,1.0622578234713342,-0.8135235655425984,27.16362776108724,-0.2580107862566724,4.4257715502443453e-05,0.0001400944184927294,9.43710845594564
110.25248060819918,-2.000997295376234,0.022879915822455025,28.42639541155029,-1.529760400454203,6.870188708025343e-05,0.00024046828210132432,59.54189918076497
111.04299805822436,0.9140358015916131,-0.38546114721876096,27.938044837669167,0.15633654447249423,5.3536777279131437e-05,0.00018014499965398364,32.633206399307404
112.821662320781,0.3705550546993026,-0.5488441989785825,28.18667343045456,-0.16855509928715082,5.0787510627934033e-05,0.000173478185853251,26.26892706920871
112.52521827702157,-0.17292569219300788,-0.6219035386207469,27.32443806683574,-0.7016188230043575,4.979696901782888e-05,0.00015600732759418236,19.734966273348892
112.27818157388869,0.17292569219300788,-0.35738503819868617,27.358783528834238,-0.1758092406355304,5.195310743212201e-05,0.00015610253610026062,31.987942475337388
110.2030732675726,-2.0998119766293817,0.06199241174243243,28.23481735888828,-1.9153466092215647,6.429148165418427e-05,0.0002475880244617382,58.676499695784734
112.27818157388869,-0.6669990984587447,-0.7762350170390371,24.8280097537571,-0.5480498487566724,4.627308906065781e-05,0.00011161515209059997,14.76323219286558
110.99359071759778,-2.0504046360028076,-0.5046991358721932,27.81694807358724,-1.3066686156355305,4.9342260214076424e-05,0.00013004932745521808,27.317811819176853
112.0805522113824,0.7658137797118921,-0.08899616430064519,29.243745069150577,0.3470126331588369,5.036251546566296e-05,0.00017196905094783938,44.351256094331745
110.05485124569287,-0.5681844172055973,-0.11869375710740444,28.666451955724654,0.14308362684132142,4.902466749866743e-05,0.0001856756209189916,48.365150684913566
112.72284763952786,1.0128504828447604,-0.6206013371041804,29.07600840344844,-0.01164953649779896,5.0031579045873746e-05,0.000155329543043329,15.032104032614876
110.64773933321176,-1.9021826141230869,-0.5778141865333071,28.006597113903695,-1.4343119653654688,4.934078697314212e-05,0.0001792170475348348,28.23932008974393
112.0805522113824,0.27174037344615526,-0.45517708929053624,27.805069577252425,-0.024026863368940946,5.415622932646768e-05,0.00015365669766494375,20.041796766861328
112.62403295827471,1.5069238891104972,-0.6813464994046945,25.309596728101212,0.11520563084402201,4.375442279266414e-05,7.339243126067e-05,14.088078770819676
111.48766412386351,-0.617591757832171,-0.5328211682450377,26.906761682769456,-0.35910610357920336,5.082233026931966e-05,0.00015713527177292606,24.05962748156325
110.7465540144649,-0.5187770765790237,-0.3029052437779823,28.516805808926904,-0.10106905448583908,5.629676271958973e-05,0.00017102279296955447,35.90097536318195
110.99359071759778,0.7658137797118921,-0.29806686343408145,28.555087661743187,0.2069482523717998,5.33777209757006e-05,0.00018096764343303982,32.82506298095524
113.11810636454045,1.3092945266042026,-0.8264465750494089,25.84575063917373,-0.13592464982727426,4.226029125746132e-05,8.133977416918021e-05,9.513394011022317
109.61018518005372,0.27174037344615526,-0.20951734610882247,27.42848417023083,0.30043075261292634,5.195417300674452e-05,0.00021379649640400865,36.62772424607032
110.54892465195861,-2.5938853828951185,-0.4286968115417572,27.60286688628031,-2.008119293201117,4.835311643959249e-05,0.00011982972794521876,34.26819826414671
110.84536869571805,-1.9021826141230869,-0.542545248649594,27.474928156534816,-1.4658694017080611,4.698320689656423e-05,0.00017759277305999977,21.123918700508767
110.45010997070547,-1.852775273496513,-0.3672276429268433,28.23135116482962,-1.4834226605332932,5.393482972747872e-05,0.00021270401070406023,37.938777551673944
111.24062742073065,0.7658137797118921,-0.3562328506554952,28.572629617761663,0.08715432514379057,5.394060149151507e-05,0.00019169983319157458,34.58837127126001
110.2030732675726,-0.5681844172055973,-0.2414635874777654,28.80538002767679,0.10545432273252509,5.929409154144829e-05,0.00023386664512779892,34.9502301780792
111.8829228488761,0.5681844172055973,-0.5491561688643861,28.84245926185889,0.23171722300258685,4.9196684450408976e-05,0.0001980591518153862,19.459097331610213
111.19122008010407,0.7658137797118921,-0.3906461331795742,28.572629617761663,0.08715432514379057,5.461574672572779e-05,0.00019529403121246666,30.91846727878547
112.12995955200897,-0.02470367031328684,-0.3921529636411936,28.171081585354273,-0.2761902205738021,4.7769812153423624e-05,0.00015067952623442105,29.537079893238637
110.79596135509148,-1.556331229737071,-0.6153184153928967,27.82255727979873,-1.3848983549777372,5.083083480850077e-05,0.0001413248857063675,20.53254868400263
111.58647880511666,-0.27174037344615526,-0.07713794577815775,28.51519628925098,-0.2536004310772742,6.237392928648165e-05,0.00023006890678758262,45.91362793774077
109.95603656443973,1.2104798453510552,-0.249117736548475,26.269180905377425,0.16004311155389855,6.484625609729021e-05,0.00027848554148082847,41.70102615490715
110.10425858631945,-1.2104798453510552,0.051940581793603745,27.50906866097165,-0.3236070017755768,5.4227189480986376e-05,0.0002334375063757883,54.17213314952247
109.85722188318658,-0.3705550546993026,-0.5523639109533651,28.71960227401172,0.17492815447442325,5.043126921895972e-05,0.00020729745407538643,26.16111331584357
109.36314847692084,-0.22233303281958158,0.10570893441291362,28.495137574937644,-0.09138631673506749,5.513262131420929e-05,0.0002288395000031587,53.844835954081866
111.29003476135722,0.7164064390853184,-0.36382819993735777,28.514162459196882,0.08865684491616709,5.272685357822104e-05,0.0001664438404841545,28.012445607179437
113.01929168328729,0.7164064390853184,-0.6748328712113206,28.25616911428949,-0.30649756649394094,4.817139722843356e-05,0.00015355813693587034,15.50686357044543
112.17936689263554,1.0128504828447604,-0.26408749073867915,29.27189659307038,0.3674541358594541,5.0218952131623265e-05,0.000196605445084689,35.427348427828086
111.63588614574324,-0.617591757832171,-0.5502025363883477,27.023421718456177,-0.30834670567218175,4.8612820220604735e-05,0.00013263309465244412,28.338617966022376
111.19122008010407,-0.3705550546993026,-0.6169331859436897,27.182312054104273,-0.2571962306528916,4.802506899862628e-05,0.00013564478189210006,21.780034007735836
113.80980913331248,0.8646284609650394,-0.49043155227552643,23.209285072044167,-0.27872054223661075,4.0099136380772645e-05,7.037744882682248e-05,23.592195610805202
111.38884944261036,0.7658137797118921,-0.23775935909144086,28.934533432383603,0.09213057417928436,5.31850702419066e-05,0.000183303847031394,38.591337969531345
110.59833199258519,-1.3587018672307762,-0.41348698221715025,28.670382318378984,-0.8838908981393885,4.8007385204660334e-05,0.00018071075911166396,25.130276668522892
111.43825678323694,-0.5187770765790237,-0.7339667131197233,27.22019906220612,-0.3442745606104533,4.8162894801242234e-05,0.00014245587082599038,14.13865813567893
110.84536869571805,-0.1235183515664342,-0.1584104087295457,28.186194191449943,0.2981377898910899,5.7655931903134314e-05,0.00024633472082997434,39.76872692576584
113.01929168328729,1.2598871859776288,-0.6430232385518132,25.106610375863568,-0.11386458520536068,4.16582478300487e-05,7.045640700634611e-05,12.705142498275631
111.04299805822436,-1.3092945266042026,-0.6459783719502591,27.939949737360564,-1.1818471999815954,4.686998316023522e-05,0.00011930298483355928,22.35613042737593
109.51137049880057,1.3092945266042026,-0.5815524120051181,27.49572532088672,0.36943589463646026,5.392785417065872e-05,0.0002326167268500831,23.34111369180108
112.17936689263554,1.1116651640979078,-0.19053645021018803,28.38018953770768,0.30478911488144483,5.246919464350919e-05,0.00021981932296793801,37.64323691881869
112.77225498015443,0.5187770765790237,-0.4087409399645762,28.215786446465415,-0.13145928765520637,5.142744548866226e-05,0.00017083941998201306,31.45102464139837
112.52521827702157,0.7658137797118921,-0.6298182354419869,29.14651380468291,0.23296354582280288,4.6827365070984935e-05,0.00015475286421536244,17.144105883011136
110.84536869571805,0.02470367031328684,-0.27750422929962687,28.358442937591917,0.3798729063552103,5.680277918473488e-05,0.0002512788570368773,36.3496036116977
109.36314847692084,1.4575165484839236,-0.38849424705951635,27.440618863517898,0.5008204733883894,5.4401115619319365e-05,0.00023692888717213623,26.776479297955834
113.2169210457936,1.3092945266042026,-0.8685060442905083,25.736215892838857,-0.12557504648043788,4.164459588926857e-05,0.0001187606345247192,9.766407202467871
109.61018518005372,-0.9634431422181868,0.04636537363236704,28.166358519189203,-0.877691685417552,5.4296570014963924e-05,0.0002684027442624992,47.95525429714502
113.2169210457936,-0.1235183515664342,-0.5157381428525433,26.00209407570918,-0.5025364602053607,4.476837966773872e-05,0.00012509867163156617,20.513807019785254
113.16751370516702,-0.22233303281958158,-0.5345371126626145,24.42064152941299,-0.5295320837586014,4.489621252619715e-05,0.00011745974086998579,25.941107456417157
111.1418127394775,0.46936973595244996,-0.3905795790879785,28.668486460933025,0.17411887351377506,5.1076870630332656e-05,0.00021541870459346277,33.46221677750512
110.25248060819918,-2.2480339985091025,0.013150373183240237,28.06875953674313,-1.665764813069944,6.396927778827827e-05,0.00020867090857247124,57.38514765023597
112.37699625514185,0.6669990984587447,-0.5582252251473265,29.108075219613568,0.24329431115845104,4.6771702872712544e-05,0.000164747940942842,19.440102673427837
111.29003476135722,-1.1116651640979078,-0.7190656586497953,26.23057955989134,-0.6961136026146971,4.5968863195997886e-05,0.00010177596957955112,16.41331724529958
112.62403295827471,0.3705550546993026,-0.5098763005089179,27.176130172352714,-0.11143900288475883,4.7978491983879594e-05,0.00014850345049069937,18.54266226042755
110.59833199258519,-0.9634431422181868,-0.4738104475128416,28.6458808475071,-0.4485022624333699,4.78387249995757e-05,0.0001706068274039251,26.374156530410023
109.80781454256001,0.617591757832171,-0.2957693338762333,27.253326835161374,0.31091900372210834,5.964623422124237e-05,0.00021233788230136312,37.2310168263798
112.62403295827471,0.8646284609650394,-0.6037514525025632,28.839517518031755,0.12128503381470103,4.751611005204423e-05,0.00014541694056107327,20.828159127172057
109.16551911441455,0.3705550546993026,0.036636246664648146,27.90145689881888,0.28460154857164544,5.405984094010684e-05,0.00017290657162157756,54.20015976064104
110.94418337697121,0.22233303281958158,-0.3390672559436444,28.67449352594076,0.4035997582070622,5.6353397731507574e-05,0.00023414930843416914,33.85350617047208
111.63588614574324,-0.3705550546993026,-0.35453649478894156,27.94173105969844,-0.21795514630682677,5.3468262153097404e-05,0.00013779841797034555,32.22592326688427
110.2030732675726,-0.5681844172055973,-0.2414635874777654,28.80538002767679,0.10545432273252509,5.929409154144829e-05,0.00023386664512779892,38.32644263611395
110.94418337697121,-0.7658137797118921,-0.5202463336969347,28.48034144742985,-0.46852631480605506,5.240884193931777e-05,0.0001646101354112217,23.6649473083609
112.821662320781,1.1610725047244816,-0.6671873345468321,27.342622022275634,-0.011449100058755756,4.4274760516180024e-05,0.00012032131818469071,17.55118159531648
111.83351550824953,-0.6669990984587447,-0.5955424866478229,26.818177818957736,-0.47900175606762924,4.6859700884356825e-05,0.00010566797093680896,26.96276396313939
113.61217977080618,0.617591757832171,-0.5619742426971189,23.879674129721536,-0.42743533776130205,4.3972426518759735e-05,0.00014105978853562345,22.22065524380115
110.94418337697121,-0.7164064390853184,-0.49512857713694425,28.87621999199007,-0.37621704590173416,5.446938115389374e-05,0.0001536529406034421,29.346935328624717
110.10425858631945,-1.0128504828447604,-0.3432750585666222,28.864287242183025,-0.09703696657110143,5.230091353799321e-05,0.00021966410217116555,33.91481427885939
111.43825678323694,-0.7658137797118921,-0.4958782805331099,27.66451992929717,-0.5018168481779687,4.958143243358097e-05,0.00014306983441835232,26.852370208490356
109.65959252068029,-0.6669990984587447,-0.15385009035883374,28.61367839766143,0.040983866762231896,5.158330197023043e-05,0.00021780126506177176,39.169447775838464
110.54892465195861,-2.6927000641482657,-0.3510439363609467,27.56822303018464,-2.5861689411563638,4.996902112364477e-05,0.0001384380748387853,36.4409094792839
113.06869902391388,0.7164064390853184,-0.6152733126487755,27.363114764366628,-0.35595412754718164,5.115409473905862e-05,0.00014775172191931488,17.343360161608103
109.75840720193344,1.40810920785735,-0.6469217855963028,27.336129690099654,0.35996564965189237,5.3997305955712905e-05,0.0002628887499422249,16.33300638679041
109.95603656443973,-0.07411101093986053,-0.41289601150200733,28.484063838440647,0.33497891161176896,5.506430957641547e-05,0.00021963333094538986,32.387095647361484
111.04299805822436,0.6669990984587447,-0.3389890870594937,28.609663640716974,0.23431008686254057,5.17600142996343e-05,0.00019206113137710078,31.609850247591393
112.0805522113824,-0.22233303281958158,-0.26500805370710817,28.198560969034872,-0.3575086402304378,5.8426325732947315e-05,0.00017926183206474488,37.96762588991669
113.80980913331248,0.8646284609650394,-0.49043155227552643,23.209285072044167,-0.27872054223661075,4.0099136380772645e-05,7.037744882682248e-05,22.56563488740764
110.99359071759778,-1.9021826141230869,-0.5297913452529668,27.52714109538516,-1.408369763397876,4.7635074632593475e-05,0.00015696766977987925,31.32952049269523
109.65959252068029,0.17292569219300788,-0.186235117971229,27.890859387244802,0.32423898467311146,5.4111584268739866e-05,0.0002065081326843857,40.966004187436724
111.24062742073065,-1.40810920785735,-0.7964191503781548,26.363940622777136,-0.9034809227342956,4.55296658742423e-05,0.00011188166762316885,9.881605540297578
111.83351550824953,0.1235183515664342,-0.41527393540074126,28.483461022082622,-0.1888210317234934,5.2947938576707457e-05,0.00017497770556994512,25.937918689665448
111.98173753012925,0.5187770765790237,-0.28387583266594,28.569386465755542,0.181269782560843,5.1843463221736933e-05,0.00017005246041374076,33.78922427397517
111.04299805822436,0.46936973595244996,-0.40136659528625396,28.567237425439203,0.2638593912124634,5.3621392030935235e-05,0.0002214994486159929,30.935015945695
112.32758891451527,0.02470367031328684,-0.4181046952105489,27.649967942414435,-0.35079326600204275,4.835438594069123e-05,0.00011779641307623306,26.27896033819082
111.09240539885093,-0.5681844172055973,-0.610399928238544,27.034429145153638,-0.5160636592794348,4.6047127112387254e-05,0.00012849154397569064,23.318639873997302
110.59833199258519,-2.198626657882529,-0.48345004368555833,27.900860110624365,-1.5686812386100681,5.0001237807439144e-05,0.00015942173476269,30.7751727833391
111.1418127394775,-2.5444780422685445,-0.4268331604956235,27.637727756264837,-1.467518104447259,4.6933852713582605e-05,0.00012525914404096233,26.94621628919104
113.06869902391388,0.7164064390853184,-0.6152733126487755,27.363114764366628,-0.35595412754718164,5.115409473905862e-05,0.00014775172191931488,19.969617870931934
110.30188794882575,-1.6551459109902185,-0.17990369791132,28.61300927150404,-1.087012884057598,5.926252809610738e-05,0.00023775808042024275,46.900380739561534
111.58647880511666,0.8152211203384657,-0.42789315809239004,28.680871323008546,0.16141075116616707,5.624960061075658e-05,0.00019316672786916665,28.635312254153927
109.95603656443973,1.3587018672307762,-0.4451021903824785,27.098463312784872,0.3108263207070621,5.4195978107859773e-05,0.0003011492666602163,31.74120780472212
111.73470082699639,-0.17292569219300788,-0.08015943845841589,28.684602756264724,-0.2961246040132311,6.497305719011865e-05,0.000190870554083678,53.33360042820737
110.54892465195861,0.32114771407272896,-0.042871317173772405,28.19419657860277,0.5490781834096086,7.88839552129976e-05,0.00028169766475508715,59.62988562128927
109.461963158174,1.5069238891104972,-0.5226437340175677,27.5397128305317,0.46951320583437706,5.434662985796997e-05,0.0002475314477275964,27.74368082084183
112.42640359576842,0.9140358015916131,-0.5592025007562786,29.102086239096536,0.31230096022288006,4.753000684530123e-05,0.0001680297705277317,19.196449339217374
110.4007026300789,0.46936973595244996,-0.1799277184807364,27.81512154002246,0.5834319341329881,7.135708681032235e-05,0.00023754746013580972,44.594111615090206
109.0667044331614,1.1610725047244816,-0.26169943631248355,27.665761730994802,0.6627670879717227,5.303530678173882e-05,0.00025058443064245484,30.12669858831231
110.99359071759778,0.6669990984587447,-0.2551728125393362,28.609663640716974,0.23431008686254057,5.418484887081841e-05,0.00019989625934729846,40.28931898929685
111.33944210198379,0.4199623953258763,-0.30172009724239846,28.823850320886663,-0.049706840220792796,5.0974203615662515e-05,0.00019028400977085002,34.69986702821606
110.94418337697121,-1.556331229737071,-0.7303711539097882,27.297926203409816,-1.3404142753577526,4.495997901472792e-05,0.00012550474962036816,18.416517438721463
109.56077783942715,1.852775273496513,-0.4803938254042032,27.857867247969978,0.9818581313262752,5.068614903990138e-05,0.0001945356592154713,23.091836834985497
109.0667044331614,1.0128504828447604,-0.31923166569579614,27.501720329567206,0.5140447572425559,5.425568953147407e-05,0.0002588075383596408,34.31115091024901
109.75840720193344,1.2104798453510552,-0.299201283469062,27.151040955531755,0.21219501524795722,6.0471998438175444e-05,0.00022417286736072097,36.39350968103972
109.0667044331614,0.32114771407272896,-0.3854758170925326,28.283621371234005,0.435296595832448,5.468452305408327e-05,0.00022865285105201936,27.529167235595754
109.95603656443973,-0.9634431422181868,0.1680895562418677,28.64524186216761,0.0005401637819078274,6.121122795787861e-05,0.0002488182568600545,61.49645625513933
112.42640359576842,0.27174037344615526,-0.6646661457368921,26.744625181033314,-0.13805861973468167,4.649095359309463e-05,0.00013297747422142436,11.147358015450195
109.56077783942715,-1.2104798453510552,-0.5242944534359576,27.868078957074943,-1.830384164680669,4.9397690389934696e-05,0.0002121243254208175,26.678160017471253
109.85722188318658,1.3587018672307762,-0.4067303199178455,27.191954101750866,0.3320401818663985,5.3852680486434595e-05,0.00022603233548253724,35.31762352894134
112.27818157388869,1.2598871859776288,-0.4320570251215746,26.655308895346593,0.18675616493931524,4.466895759888377e-05,0.00014964659739267114,23.304350860621753
112.62403295827471,0.8152211203384657,-0.5719338711353068,29.03753666347933,0.1097071921383893,4.7479382594825264e-05,0.00015078691300150082,15.131027306654829
110.69714667383833,-0.7164064390853184,-0.6555145115208479,28.64059113396536,-0.2063592201397743,5.224290189095146e-05,0.0001680945229381506,17.56914659460989
111.04299805822436,-1.3092945266042026,-0.6459783719502591,27.939949737360564,-1.1818471999815954,4.686998316023522e-05,0.00011930298483355928,18.131361116171476
113.31573572704674,0.5187770765790237,-0.7691398415091156,25.682031744497806,-0.305570736343478,4.422252985301746e-05,0.00014474230797601907,12.354318672778954
112.77225498015443,-0.22233303281958158,-0.5558014726319027,27.37663894935889,-0.8057741868643111,5.315514401753086e-05,0.0001473695934959638,26.976116802520878
113.31573572704674,0.9140358015916131,-0.7052094638562318,26.87848055333268,-0.34658184022079286,4.380241576717885e-05,0.0001250274731559066,8.871899346017445
113.41455040829989,0.46936973595244996,-0.7530284704419257,25.139680881264837,-0.32977381311816933,4.013163460197924e-05,8.14318009728167e-05,9.601562015676642
109.56077783942715,0.3705550546993026,-0.2403158532011204,27.219192358888222,0.3181512929775097,5.184360480829083e-05,0.00019531095345620732,33.58415407990908
111.43825678323694,-0.07411101093986053,-0.2364956304286544,29.12520424642679,-0.39981655279795336,5.321940896094324e-05,0.00021261515432894145,36.57943052489981
113.61217977080618,0.7164064390853184,-0.7824966837984548,25.714164870462355,-0.4811628527111477,4.234450232757939e-05,9.177908971501385e-05,3.335012409493963
113.46395774892646,1.0622578234713342,-0.687510312836465,24.489893072622806,-0.15637067365057675,4.045505367741268e-05,9.841428950374933e-05,14.155658268924505
110.89477603634464,-0.1235183515664342,-0.194652159811894,28.245104420037933,0.23034430874718564,5.8420142635785114e-05,0.0002568616870123951,37.46265651150788
111.53707146449008,0.8152211203384657,-0.372235297213788,29.05415329638828,0.12201820921014857,5.6212895235953826e-05,0.00020090465350228455,30.439313095240152
112.57462561764814,0.27174037344615526,-0.5805428263748088,25.5888905890194,-0.20917211197040697,4.4320289872071485e-05,0.00011634216377938128,21.574855665784465
111.1418127394775,-1.3587018672307762,-0.5495542152507545,26.657048020539435,-1.0855691388801292,4.2498160863663405e-05,0.00010594772342732937,21.047260091444766
110.05485124569287,0.5187770765790237,-0.18117533730730706,27.702289388209238,0.5691263484366146,6.527859028565227e-05,0.0001990950577087863,45.778630908029776
110.30188794882575,0.32114771407272896,-0.1795909015867166,28.175979468263222,0.55393914381663,7.042257882008394e-05,0.00022157399569213465,45.41598073830992
110.59833199258519,-0.32114771407272896,-0.03213879843262,27.25098790769232,0.08337014545629053,6.413957186143209e-05,0.00020192623962421132,52.288246294538794
110.4007026300789,0.17292569219300788,0.03896357922889278,28.225648522082736,0.507562220832448,7.575190881402058e-05,0.0002667914145221429,57.71616063551182
110.59833199258519,0.617591757832171,0.4258645680095678,27.4880303700765,0.5094528036353029,8.505872650011014e-05,0.00022297350342949919,82.92987926478445
112.72284763952786,1.0622578234713342,-0.6592433385591103,28.63018350954411,0.001270325095565233,5.0869462310233014e-05,0.00016691573466643173,12.622197425085124
110.54892465195861,-0.27174037344615526,0.08852235105453583,27.64046755661201,0.11622439048908377,6.214902735602927e-05,0.00019880562848694684,55.90043172499654
112.22877423326211,-0.46936973595244996,-0.25894219429212245,27.57216544916605,-0.5136742459403144,5.864580200617634e-05,0.00016501858337669904,37.10425100236295
112.96988434266072,-0.32114771407272896,-0.678510312109031,27.018686595963914,-0.6596989734673206,5.027534096209192e-05,0.0001282281543009164,18.241014183386472
113.26632838642017,0.32114771407272896,-0.7496146678482418,25.090352418687587,-0.36223924160003657,4.6688746333617504e-05,0.00015265637584454172,16.14993267685169
110.84536869571805,0.4199623953258763,-0.21543308490009408,28.41793488396536,0.4914941508093,5.904305021702021e-05,0.00021285596406374268,37.19139367922555
111.73470082699639,-0.5187770765790237,-0.7345906311829223,27.528168897275634,-0.25112511640713536,4.8724321722200146e-05,0.00015416137747101459,16.052661515706497
112.92047700203415,0.9140358015916131,-0.5736689179130455,28.542977081110507,-0.21794761110235145,5.4365400928734086e-05,0.00017545304934403732,23.573384161361282
112.37699625514185,0.27174037344615526,-0.6280610735855962,26.744625181033314,-0.13805861973468167,4.5767450389867414e-05,0.00011461679300428066,20.872489551239816
111.73470082699639,0.17292569219300788,-0.4060210055636472,28.694787338633546,-0.1616325069356847,5.031210843728534e-05,0.00017305771588721507,34.48207116082186
109.21492645504112,1.5069238891104972,-0.1375995776516999,27.833872142838914,0.8296703600589139,5.3848347070261626e-05,0.00025740831756088925,41.924327817853595
112.77225498015443,0.9634431422181868,-0.707121295717995,29.01681485117217,-0.12157083882225884,4.808333365954568e-05,0.00017916705426417617,12.288483326255593
111.73470082699639,0.8152211203384657,-0.2356164062695721,28.684488221156812,0.20448574754926896,5.574275693462189e-05,0.00018300493675416917,38.24665057593548
109.61018518005372,0.32114771407272896,-0.2394699315823536,27.42848417023083,0.30043075261292634,5.251480219931335e-05,0.00019901394443001924,37.39428849201401
110.05485124569287,-0.02470367031328684,-0.34367402521388296,28.230308292530196,0.3865023792525868,6.0892385823938566e-05,0.00022363487812147493,32.27512735675553
110.25248060819918,-0.9634431422181868,-0.5357901508723001,28.891031189906755,-0.23618280593259836,4.912672092947955e-05,0.00019559881407429675,20.608954731830444
113.51336508955303,0.7164064390853184,-0.6432467931058073,25.749028754528695,-0.4540353630795891,4.3746955573680694e-05,0.00012381252662592345,17.36874024694557
110.35129528945232,-0.5681844172055973,-0.11676539355055383,29.192882438942263,-0.01232318377789156,6.446922208510853e-05,0.0002422944406091235,43.889024973049494
109.0667044331614,1.40810920785735,-0.26469991689717864,27.893294765331234,0.9026819703019696,5.453687063877325e-05,0.0002726266494574612,39.16191339638313
109.65959252068029,0.8152211203384657,-0.23045231211329267,27.608388684119745,0.0668386603579109,6.460513301110294e-05,0.0002325331047805118,41.054392630085694
110.69714667383833,-0.07411101093986053,-0.09880572626294844,28.062176782113568,0.30970131467889855,6.36273293790556e-05,0.00021703925538884932,47.1258711701242
110.99359071759778,-2.34684867976225,-0.4876263591456929,27.810922924088857,-1.4071460461910859,4.723978602554041e-05,0.00013225632793038218,28.491760863970793
111.83351550824953,-0.7164064390853184,-0.7373828444312114,26.818177818957736,-0.47900175606762924,4.86703812028946e-05,0.00011021863602894997,15.824558672668621
111.19122008010407,0.02470367031328684,-0.3255164010471706,28.70338651398083,-0.04004067991986687,5.09688554535168e-05,0.00018498704214821033,33.508181935673534
110.64773933321176,-2.5938853828951185,-0.4160120672417154,27.596112328988568,-1.8265321681528912,4.808837597214231e-05,0.00011112827990465554,30.917605616178445
109.80781454256001,-0.4199623953258763,-0.5602869636868012,28.702286374127425,0.161799567717093,4.962825994444995e-05,0.00017267243647057191,19.060199162472465
113.11810636454045,1.40810920785735,-0.6870433475476585,25.358879979451558,-0.04857053138591626,4.3119084964318985e-05,6.8479136726438e-05,12.50207753535879
111.68529348636982,-0.4199623953258763,-0.5546856881491251,28.087721125284872,-0.22029256673506747,4.8640615135324183e-05,0.0001530960951892261,22.539390722954504
110.94418337697121,-1.1610725047244816,-0.7158660083106057,28.08898703963672,-1.0251759820514255,4.227233173699365e-05,0.0001219135625526149,17.620304282956422
111.83351550824953,0.9634431422181868,-0.512074723360553,28.322460829181466,0.18825114950721644,5.0164919600238016e-05,0.00016340216200119966,24.189679569592602
109.51137049880057,-0.7658137797118921,-0.20488297771249264,28.295855529220034,-0.41602025650165697,5.239987557848991e-05,0.0002328694702452893,40.68817748600543
110.7465540144649,-0.617591757832171,-0.5448202311674168,28.797826738710796,-0.14557423267835454,5.393329139920071e-05,0.0001623229518713981,26.63356040759453
113.41455040829989,0.3705550546993026,-0.7950623514086893,25.396495720192206,-0.2733961667543576,4.467141872198415e-05,0.00011803939635243805,12.422134859127562
111.29003476135722,1.0128504828447604,-0.37131361772502564,27.87821531413516,0.0989717863224171,6.0453347664347044e-05,0.00020721624673131705,35.41164008054996
110.84536869571805,0.7164064390853184,-0.2467322425623921,28.699175841719978,0.4069544312394695,5.516363417631781e-05,0.00021070265098417846,38.1857490672938
110.49951731133204,-2.5938853828951185,-0.48370725364478045,27.60286688628031,-2.008119293201117,4.6716551724148353e-05,0.00011414344379258076,31.127947326573274
110.59833199258519,-2.34684867976225,-0.381993409750074,27.77325895803949,-1.4838544277497276,4.604385023938816e-05,0.00011479240573141786,27.96503846357975
111.48766412386351,-0.3705550546993026,-0.5385273381117414,27.99223501417373,-0.2626976834403144,4.925537424146847e-05,0.00014850278501990518,32.94201917109019
109.75840720193344,0.17292569219300788,-0.3612443577852465,28.033491765716917,0.37394119339224735,5.4413895700065356e-05,0.00023858839079612924,30.934235608242364
110.79596135509148,-0.27174037344615526,0.03708110176995995,28.069715000670726,0.06943001717696953,6.345303391698365e-05,0.00022164278950518817,48.59080344417108
109.16551911441455,1.40810920785735,-0.13860033411282252,27.639210684505542,0.6904634855411671,5.7581843129721486e-05,0.00024203098421080496,43.736175911307754
112.17936689263554,0.9140358015916131,0.1255458917837739,29.2875909169515,0.37772612660019483,5.075196224059199e-05,0.00017646596930371647,49.64749965234262
112.57462561764814,1.1116651640979078,-0.5948449692314018,28.55538906992217,0.11855502923329671,4.9127900048741326e-05,0.0001137701581660832,18.022499915088478
112.72284763952786,-0.27174037344615526,-0.5320290060802102,27.705644061241628,-0.6817198550259623,4.9419052351804175e-05,0.00011297807766093105,25.886651712350442
109.90662922381316,-0.7164064390853184,-0.3946184051772866,28.800445975786488,0.0988934201958739,4.9943923358992523e-05,0.00022431418535465093,25.128711155627663
111.58647880511666,0.9634431422181868,-0.34075462480661967,27.52822315074775,0.17350400082858994,5.3738259276928194e-05,0.0001547218721133802,33.80389445169513
111.68529348636982,-0.7164064390853184,-0.4306125294547596,27.642182569150577,-0.396662316204589,4.864344757393438e-05,0.0001298364191300259,23.623561801713834
110.59833199258519,-2.643292723521692,-0.44588975529773284,27.596112328988568,-1.8265321681528912,4.7790533506235305e-05,0.0001286162073279832,29.200541559450734
110.7465540144649,-0.8646284609650394,-0.48435308675716404,28.5653144412571,-0.3987623776918576,4.8230551967113066e-05,0.00011953385272563016,20.54661973370754
111.09240539885093,0.27174037344615526,-0.33044701587144315,28.86795839380335,0.19318821547943868,5.587023438508893e-05,0.00020901363184094735,36.22748269639057
110.59833199258519,-1.40810920785735,-0.4600520770020888,28.670382318378984,-0.8838908981393885,4.759598170819901e-05,0.00018902412280300874,30.642165174527292
112.52521827702157,-0.07411101093986053,-0.738849786169934,26.693732410007044,-0.6868701672848361,4.444720262572595e-05,0.0001305230518771731,16.26532020437486
109.51137049880057,1.7539605922433656,-0.5481883174680805,27.556561547738568,0.696294226764161,5.3896998993195195e-05,0.0002097264865114053,20.23606674841617
112.03114487075582,-0.6669990984587447,-0.8537919272565637,25.778810896696882,-0.5845481186737249,4.8523616697255216e-05,0.00013441842490451896,5.616598215809512
111.43825678323694,-0.7164064390853184,-0.5796796206796027,27.20804628442835,-0.476922039632444,5.016251160901036e-05,0.00015843358501336125,22.785501273667606
109.461963158174,1.1116651640979078,-0.3923084101362462,27.258948097699943,0.18744563614880597,5.527196788762544e-05,0.00025797171865132965,35.56491158880568
110.45010997070547,-0.27174037344615526,0.18180652668594188,27.64046755661201,0.11622439048908377,7.010784435439166e-05,0.00022890473494021526,60.36186778639985
111.58647880511666,-0.5187770765790237,-0.8009936959574878,27.071568660971593,-0.24867994255489773,4.789696921933696e-05,0.000140288883981634,11.798652620427754
110.10425858631945,0.9634431422181868,-0.3661727179206958,25.650076449358835,0.26334322970590474,5.637707454206309e-05,0.00021793572125048462,29.212729124381994
113.36514306767332,0.9634431422181868,-0.6669561824884199,25.622744755686085,-0.2948639643045119,4.075024531262764e-05,0.00010022720805469007,8.69442392476292
112.12995955200897,-0.46936973595244996,-0.4465670649434199,27.866550817607333,-0.45545047448005205,5.459692241460839e-05,0.00016250738348916641,29.25038098496472
110.2030732675726,1.1610725047244816,-0.2394062805247563,25.828329246426847,0.19595740312411458,5.6306947376227156e-05,0.0002346708916179652,40.25637573858036
112.52521827702157,1.556331229737071,-0.6063861255691821,25.50412255275404,0.055425086139160896,4.298499081843472e-05,0.00011440110681842836,16.726623671284987
112.57462561764814,-0.617591757832171,-0.925172531773209,24.317297707074943,-0.39563225375281447,4.507171954385117e-05,0.00010826526158195676,7.304279179145512
112.821662320781,-0.02470367031328684,-0.3016673889087871,27.604012237360507,-0.6989099169954842,5.807121062335278e-05,0.00013756014663167734,38.308189418366126
110.2030732675726,-1.9515899547496605,0.19817077529228333,28.280034613903638,-1.6543504853307462,7.064957407493195e-05,0.000258906832465995,64.51320694641555
111.38884944261036,-0.3705550546993026,-0.6392432585034108,27.751036133000923,-0.3085267970591415,5.006018015760296e-05,0.0001707582378618903,21.149685317934146
110.49951731133204,-1.1610725047244816,-0.517290814711884,28.997298671581177,-0.49765892234849346,5.090463707209255e-05,0.00016876673247903784,25.973667960745452
110.05485124569287,-0.17292569219300788,-0.24843248092054074,28.40240633458268,0.2849436468548245,5.2852956001996053e-05,0.0001974192700228157,32.63399281310397
111.38884944261036,-0.5187770765790237,-0.800108441646524,27.22019906220612,-0.3442745606104533,4.7947623269051916e-05,0.0001515890742054793,8.661879929726748
110.59833199258519,-1.6057385703636446,-0.49194151465312774,28.837136393417552,-1.217498512915623,4.906052261682247e-05,0.00018439089265225806,28.905495779119903
112.92047700203415,1.0622578234713342,-0.6421195487367897,27.917636489868187,-0.14402876224046873,4.791581077300842e-05,0.00015615157791932493,24.13224438221064
110.2030732675726,-0.27174037344615526,-0.2984622291348108,28.52212867736813,0.23261315881470104,5.563451711575686e-05,0.00023745718885393268,33.292640807598474
110.4007026300789,0.617591757832171,-0.01970229328221972,27.701981951866685,0.5507630551302873,7.16338754819286e-05,0.00023590403545093946,51.44179614472011
112.37699625514185,0.27174037344615526,-0.6280610735855962,26.744625181033314,-0.13805861973468167,4.5767450389867414e-05,0.00011461679300428066,18.768179894920767
110.79596135509148,-0.07411101093986053,-0.19734797063935808,28.186194191449943,0.2981377898910899,5.947476731909962e-05,0.00022234318297567208,42.628866878271076
111.83351550824953,0.02470367031328684,-0.3654038122125116,28.652234531920726,-0.21805837860813854,5.197207509826691e-05,0.00015554098442550684,33.34150891219166
112.62403295827471,1.2598871859776288,-0.717183479495751,26.567698579953003,0.1754631539921702,4.480208652394092e-05,0.00011512391319457337,10.090226661392103
109.65959252068029,1.7539605922433656,-0.4649417449073038,26.951207332846536,0.5100608946364603,4.824063606289159e-05,0.0002277968598991092,23.487854881938237
110.45010997070547,-2.0504046360028076,-0.3642935155312349,28.14613101629567,-1.6918539515248054,5.810125066430978e-05,0.00018182897094156387,35.124475145809456
111.1418127394775,0.7658137797118921,-0.3900225249649701,28.660273088054907,0.12268206072442324,5.18984138896898e-05,0.00019762347086919155,30.956478130984166
111.43825678323694,-1.0128504828447604,-0.6171440064744436,27.066712975207622,-0.5476610322057466,4.894433472672807e-05,0.0001318639272754594,20.503784898457358
112.52521827702157,0.22233303281958158,-0.7550341187309499,26.42893628249942,-0.2767297412142341,4.313278201739092e-05,0.00010417615072870412,12.658865187191028
109.461963158174,0.27174037344615526,-0.19583593620408882,27.637293728486952,0.2722174400164757,5.215775583765628e-05,0.000206404013559354,41.891193811366
110.30188794882575,-1.704553251616792,-0.2301786093762285,28.61300927150404,-1.087012884057598,5.5104570050090715e-05,0.00022793781721246913,40.61599750234747
112.57462561764814,0.02470367031328684,-0.7318127491609477,27.7389014397138,-0.5881514534538175,4.783264520259429e-05,0.00015845626085540852,11.816056881145993
110.0054439050663,0.32114771407272896,0.0012592851771710352,27.71426433516143,0.5008415719609202,7.669547596256635e-05,0.0002537207948676759,55.670619601113984
111.98173753012925,0.7164064390853184,-0.23549951913066444,28.977541365446882,0.303047729127201,5.068754352141273e-05,0.00022601999049213963,31.75402163668522
109.65959252068029,1.8033679328699395,-0.3802950093556533,26.951207332846536,0.5100608946364603,4.8236862325640036e-05,0.00022788619493261812,27.065665214221184
113.76040179268591,0.617591757832171,-0.7768681721306145,23.99778393874942,-0.31254758216716627,4.145989318721371e-05,5.33206955159893e-05,14.776475813953422
108.96788975190826,0.5681844172055973,0.03395028937286637,27.847269736396015,0.409443309277664,6.129054536643637e-05,0.0002261265674512358,56.26144555324473
109.11611177378798,1.1116651640979078,-0.3662024962020084,27.59361666926634,0.5988105329466454,5.207534298641488e-05,0.00025737416702651235,33.57775467112036
109.65959252068029,-0.07411101093986053,-0.24307715024852275,28.456955186820323,0.21985455059710843,5.345987043411462e-05,0.00021772908136475697,45.735079209193096
110.49951731133204,-2.2480339985091025,-0.40512571346174076,28.03609593238366,-1.6428811505988792,5.434216813554726e-05,0.0001270336632665259,36.79184913947977
112.67344029890128,0.5681844172055973,-0.41758587995749513,28.13199195861813,-0.0024189110155458915,5.129342980116992e-05,0.0001990364122635584,27.560785737733077
110.54892465195861,0.27174037344615526,-0.11176681612376581,28.19419657860277,0.5490781834096086,7.370493102928788e-05,0.00026739749390021603,44.388414181020096
109.31374113629427,0.17292569219300788,0.04145463986114694,28.034423116990126,0.39317178873368247,5.8935785104797686e-05,0.00023009047390227643,50.11558434269038
110.05485124569287,-0.27174037344615526,-0.3672983238695309,28.532457935663047,0.23214899021902208,5.0812650685323006e-05,0.00020952777009079063,25.893424940512308
113.2169210457936,0.1235183515664342,-0.9689641868397194,24.366180085547228,-0.45353201142063854,4.3519698419498086e-05,0.00010446708377817017,5.2368726806175925
112.77225498015443,1.2104798453510552,-0.6650246935225936,27.342622022275634,-0.011449100058755756,4.488182548202532e-05,0.00011908450610921693,15.304925348964
112.22877423326211,0.7164064390853184,-0.396555081338315,29.135687222892898,0.29092659920821945,4.6214343541586775e-05,0.0001523451114391985,29.892885888244965
110.54892465195861,-2.4456633610153973,-0.35930051572969046,27.783603286743187,-1.5844916046401605,4.765253865462629e-05,0.00013446684257924145,36.93326506688181
111.53707146449008,0.3705550546993026,-0.3711105064584705,28.65480252960583,-0.09542593985428044,5.069334952085471e-05,0.00019357601099292076,33.52074934667844
110.84536869571805,-0.8152211203384657,-0.532990933050553,28.564913568378927,-0.3413780280101446,5.088440912721431e-05,0.0001535404044811437,24.73258270795847
113.26632838642017,1.1116651640979078,-0.7531337803668372,25.0420155890194,-0.2556258940402372,4.291509011352383e-05,0.00011035287390965665,10.335049882217197
109.70899986130686,0.9634431422181868,-0.34643383528948024,26.854627110045726,-0.15548679416562303,5.634315674227119e-05,0.0002522513100178187,36.58414357086448
110.94418337697121,-0.5681844172055973,-0.5482003247448333,27.98836794723701,-0.31538684721346255,4.639146789409203e-05,0.00010345927123697632,21.732849164268153
109.61018518005372,-0.02470367031328684,-0.08349977951158584,28.17404141367217,0.1585353171383893,5.5128275287684736e-05,0.00020786527263142533,46.16598067016916
111.1418127394775,-0.8152211203384657,-0.5695740939920464,26.16033035560895,-0.6578106512258081,4.385950135009989e-05,7.901258420331484e-05,23.828788973817353
110.30188794882575,-1.4575165484839236,-0.3440611191158358,28.86744599989902,-0.8196683503963327,5.1439714826945954e-05,0.00021524522980591519,39.18059074648335
110.25248060819918,1.0622578234713342,-0.26997809519853033,26.858804627406812,0.2702251319532041,6.131131801463224e-05,0.0002466549625905424,34.812830566956215
111.8829228488761,1.0128504828447604,-0.5159527693939289,28.865269832846536,0.2088365746133121,5.019143442479231e-05,0.00019591244857237788,22.274170130660156
109.41255581754741,0.27174037344615526,-0.17783717195179047,27.763071361588857,0.2783209556414757,5.2835830217418445e-05,0.00021604685112506725,38.200191063630186
112.87106966140757,0.3705550546993026,-0.7718307448398268,28.26028635001478,-0.1560300824082928,5.0239902341488365e-05,0.00016354177279824446,11.299591267497068
110.35129528945232,0.22233303281958158,-0.08576278877087103,28.225648522082736,0.507562220832448,7.768636064678434e-05,0.000250489862166937,59.10694390249127
109.61018518005372,-0.5681844172055973,-0.24168252474721238,28.54761273890375,-0.034208431655977985,5.0912371488234654e-05,0.00021450796178665077,41.834206564877086
110.64773933321176,0.17292569219300788,-0.12325296513356059,28.22622421170462,0.5191264991407042,5.934626323904004e-05,0.00022407605167910788,40.54011179588494
111.58647880511666,0.3705550546993026,-0.31745388391662815,28.745381715562644,-0.06762028181994403,5.069329692964232e-05,0.0002011202792837072,35.0509554438574
113.01929168328729,1.1116651640979078,-0.8449893218059639,27.434644953409816,-0.2147850857840644,4.375320115822503e-05,0.00012144811821040242,9.125478758364242
109.95603656443973,-0.8152211203384657,-0.32427917197769723,28.818458128564146,0.08319683575335841,5.150596485163029e-05,0.00023281348459954968,35.71835967143017
112.57462561764814,1.556331229737071,-0.6596845592417251,25.78077607802402,0.0698361646981887,4.3765116942916354e-05,9.9459793972171e-05,10.16692049425152
109.16551911441455,-0.3705550546993026,-0.4235848909755369,28.47661001417373,-0.4055402941173977,5.1995396741283854e-05,0.00018107664121616137,30.173114559092365
110.64773933321176,-2.5938853828951185,-0.4160120672417154,27.596112328988568,-1.8265321681528912,4.808837597214231e-05,0.00011112827990465554,33.26677714332835
109.56077783942715,0.5187770765790237,-0.07401223659852416,27.16498108381103,0.27027411078229363,5.565762622874207e-05,0.0002253289036609931,48.994458469503066
110.94418337697121,-1.0622578234713342,-0.43997778867062026,27.473493453602714,-0.786465225396333,4.455548519098104e-05,0.00011093919210221699,30.33346626992528
110.89477603634464,0.32114771407272896,-0.18586003633440276,28.64986244955179,0.3955265401322165,5.589734743343726e-05,0.00020594630942274026,41.829765799127955
111.53707146449008,-0.3705550546993026,-0.3675902233602116,27.99223501417373,-0.2626976834403144,4.941126067570375e-05,0.00014353621728072349,31.30946176478202
111.53707146449008,-0.7164064390853184,-0.4923660767264655,27.48909434094844,-0.4208081254252681,5.0143509355133996e-05,0.00014176154182375214,24.84724641610666
111.1418127394775,0.3705550546993026,-0.30145632813385836,28.755557255686085,0.1674027457649325,5.611787079568878e-05,0.00021244721782439122,35.773469672971146
110.94418337697121,-1.852775273496513,-0.5296762822066594,27.350208466141396,-1.4437452878481076,4.829556649774804e-05,0.00016721610139117552,25.762453845814893
111.33944210198379,-0.22233303281958158,-0.3993655427459332,28.50507198851784,-0.28789917480798416,5.053968448737008e-05,0.00019575280134510544,32.77671170174328
112.72284763952786,1.5069238891104972,-0.6763362196186414,25.753010356573498,0.12658378960173808,4.4019619059226475e-05,9.399754309352173e-05,13.148075374164547
110.7465540144649,-0.46936973595244996,-0.28668796012499204,28.516805808926904,-0.10106905448583908,6.15195953342424e-05,0.00022598163929571708,39.134041854688896
110.35129528945232,-1.3587018672307762,-0.5476705299025676,28.809144615832736,-0.7127829819549748,4.930188299148831e-05,0.00018513506549341902,26.339210694232655
112.87106966140757,0.1235183515664342,-0.6553659573805578,25.481646544845034,-0.5349310577651601,4.514487009497856e-05,0.00012554703780132446,17.368444974908943
109.21492645504112,0.9140358015916131,-0.4134840303955471,27.491297634736952,0.2504384385214912,5.3513095069001595e-05,0.00025202629969075916,27.16123085751217
109.70899986130686,0.617591757832171,-0.28893416287325946,27.238298623355888,0.24218588258013313,6.75487275277032e-05,0.00024166319200575318,38.45470437920518
110.69714667383833,-0.1235183515664342,-0.06353654747511697,28.062176782113568,0.30970131467889855,6.432051669119609e-05,0.00022893839873721432,48.80493588076335
112.52521827702157,1.3092945266042026,-0.5827975659443964,26.804080958425345,0.21655714511871335,4.514808729131956e-05,0.00010358828353892346,17.838784427809802
110.94418337697121,-2.2480339985091025,-0.5501770408148329,27.70486642813978,-1.4007509181528917,4.7226155284195473e-05,0.00015772664054849073,26.4475247835986
111.38884944261036,0.5681844172055973,-0.34043997493793093,28.521516818764724,0.009898887740241146,5.3769237161627494e-05,0.00021409102484702672,31.65277563470397
110.64773933321176,-1.556331229737071,-0.5597317567438135,28.837136393417552,-1.217498512915623,4.874314040399404e-05,0.00015953243005326973,17.318653738897833
110.79596135509148,-2.198626657882529,-0.5048103541245804,27.716729854065704,-1.4504350423812866,4.908443356019651e-05,0.00018353993333622808,28.18115466085895
113.36514306767332,0.7658137797118921,-0.7244672025765196,26.425406792723095,-0.4038667252034318,4.787304257105691e-05,0.00015504237067264369,14.429067731520567
109.56077783942715,-0.7658137797118921,-0.011297627153396958,28.509044548317263,-0.2476732392369965,5.2911462648409135e-05,0.0002286853286892293,47.617250267388826
112.22877423326211,-0.4199623953258763,-0.2715466600170155,28.206804482730888,-0.49682176113128657,5.701028197177728e-05,0.00017724690670027504,41.207786086275995
113.16751370516702,-0.46936973595244996,-0.6661499919869084,27.030173261665993,-0.3776796290903916,4.694401922013962e-05,0.00014768097443410697,15.888223555556202
110.54892465195861,-2.34684867976225,-0.4305401240850291,27.92738101629567,-1.5530584991714103,4.6573136648507914e-05,9.652992693187763e-05,27.201436289242874
112.77225498015443,0.46936973595244996,-0.4805806184649502,28.215786446465415,-0.13145928765520637,5.116066578081158e-05,0.00019284929525867996,25.71024398373477
113.01929168328729,0.17292569219300788,-0.9694878316969401,24.551594340948384,-0.354411671191086,4.455966656227261e-05,0.00010258180090126185,0.7394733121817465
111.29003476135722,0.7658137797118921,-0.2994157248067745,28.599970353679907,0.07144794493545721,5.3174176145457476e-05,0.00017401862032542591,34.432018308308656
112.17936689263554,0.46936973595244996,-0.22852919976783898,28.3134999640194,0.1300658075897782,4.9418681014434556e-05,0.0001434404358825581,38.39684206015408
112.32758891451527,-0.17292569219300788,-0.436422125469329,27.705466230415993,-0.49493720649201195,5.2874562802341476e-05,0.00016639067131319228,25.62548715041219
109.51137049880057,-0.02470367031328684,0.1674500344083265,28.152888587669054,0.11244397840382138,5.961714456277185e-05,0.00021592010941920425,57.78010838819505
113.2169210457936,-0.4199623953258763,-0.6487050269261919,25.9121026357015,-0.5058022178249595,4.637229834235998e-05,9.924539912145789e-05,13.063856150020506
111.58647880511666,0.9140358015916131,-0.37757622264241963,27.778048334003984,0.16292683430659916,5.337836720647835e-05,0.00018645561600489174,31.867639605746614
113.36514306767332,0.4199623953258763,-0.8118411688309732,25.396495720192206,-0.2733961667543576,4.4115922164715886e-05,0.0001407680970172866,13.493784264225729
112.87106966140757,-0.4199623953258763,-0.6096142111758054,26.816712975207622,-0.581499374943015,4.630706892317963e-05,9.607256496972356e-05,22.56813437714931
110.45010997070547,-1.9515899547496605,-0.2623015323651794,28.13154587451328,-1.5987549931914715,5.893117954142366e-05,0.0002137182255257368,46.83558743223297
109.85722188318658,-0.9140358015916131,0.4157154558791109,28.52072411525404,-0.03890437108499033,5.7655001373650694e-05,0.00022533728938363166,70.44038478263187
109.90662922381316,0.27174037344615526,-0.341625039663701,27.91245226918909,0.46789765799487076,5.461867647792618e-05,0.00021322983753250727,33.44610256996555
110.7465540144649,0.7658137797118921,-0.16303343772386394,28.415626097314203,0.3435486996615375,5.9361205775888906e-05,0.0002217065695832522,41.40552828014419
109.65959252068029,1.8033679328699395,-0.3802950093556533,26.951207332846536,0.5100608946364603,4.8236862325640036e-05,0.00022788619493261812,31.58356396881004
110.7465540144649,-1.0622578234713342,-0.7204398105660256,28.396739860817206,-0.5496262135329071,4.7982556016831016e-05,0.00013454077230751384,15.97487828334333
109.51137049880057,0.17292569219300788,-0.1846216643019774,27.833311523625866,0.2919250138011979,5.455254972810721e-05,0.00023157681412504583,42.90890904492724
110.35129528945232,-2.000997295376234,-0.0901761006870758,28.350681676982276,-1.5806825587778914,7.059581059513993e-05,0.00023904880496918889,57.369519574235056
110.25248060819918,0.1235183515664342,-0.2057768522689179,28.297965386473095,0.4485954782109203,7.034752268772075e-05,0.00022683704116469936,45.36889607588545
111.58647880511666,0.17292569219300788,-0.29641630884415343,28.873835853294167,-0.17409799569918788,5.1608149863373736e-05,0.00020815459313207218,39.410297185699775
110.59833199258519,-1.6057385703636446,-0.49194151465312774,28.837136393417552,-1.217498512915623,4.906052261682247e-05,0.00018439089265225806,26.875583830683183
112.77225498015443,0.7658137797118921,-0.6828636538263058,28.7653741200765,-0.10143978654602427,4.627735902409432e-05,0.00015245194304888557,14.950245318909403
112.87106966140757,1.556331229737071,-0.6422649391200879,25.928300311241628,0.12338735586331216,4.197087584074293e-05,9.361489522164344e-05,17.587524162519042
112.47581093639499,-0.5187770765790237,-0.5810824710314134,26.83952957435889,-0.5162211450529688,4.9087247054622155e-05,0.0001258135036353792,17.513232790337
110.69714667383833,-0.8646284609650394,-0.4389100057962849,28.5653144412571,-0.3987623776918576,4.5807611490413484e-05,0.0001380842761513683,21.90953029408359
111.58647880511666,0.22233303281958158,-0.34119134412798546,28.873835853294167,-0.17409799569918788,5.183622985069028e-05,0.00020348149810950737,29.864826755447126
109.65959252068029,0.32114771407272896,-0.2524376269243693,27.599506185084238,0.34728088643815774,5.3397208477868605e-05,0.00021192016040082602,34.13327196935665
112.77225498015443,0.02470367031328684,-0.4438724446460034,27.604012237360507,-0.6989099169954842,5.91772523180391e-05,0.0001424553658933474,36.799399707576775
110.7465540144649,0.27174037344615526,-0.09205462575468648,28.387745840755542,0.5309198476650098,6.82380412325619e-05,0.00021740716155995145,46.92714573494576
112.42640359576842,0.7658137797118921,-0.5796624763737046,29.264771303718476,0.2894534667332967,4.905136906177672e-05,0.00015685667894885827,18.65088840830484
111.98173753012925,0.8152211203384657,-0.0012250729581869124,28.96990368219076,0.32281181694548805,5.0664809610211556e-05,0.00017407300214689118,47.433161619529955
109.95603656443973,-1.8033679328699395,0.4270706641405975,27.792744996812644,-1.9757781955930924,6.40979924631833e-05,0.00029810676922680136,76.85641552560344
111.04299805822436,-0.617591757832171,-0.6214618647869834,27.580942455338857,-0.44738403808923416,4.986042337000632e-05,0.00014165642443683224,20.79715348684072
111.09240539885093,-2.4456633610153973,-0.3856038941829259,27.56220993701328,-1.4116181900471816,4.7984963609153794e-05,0.00015880075151226554,32.82283849222487
110.99359071759778,0.5187770765790237,-0.42993950116220186,28.567237425439203,0.2638593912124634,5.095066841600628e-05,0.0001802354728014763,32.054850410111506
112.67344029890128,1.5069238891104972,-0.675094705079926,25.753010356573498,0.12658378960173808,4.376364279657809e-05,0.00010513758607562798,12.78021019699285
109.11611177378798,0.6669990984587447,-0.18585019098934671,27.542353166179907,0.20209030604656833,5.4819656187668755e-05,0.00021418078419300089,36.42884307362778
112.0805522113824,-0.17292569219300788,-0.3183321395554008,28.198560969034872,-0.3575086402304378,5.4890773916342136e-05,0.00018345473391278829,35.10840847101561
112.32758891451527,1.2598871859776288,-0.5453240090404592,26.655308895346593,0.18675616493931524,4.61155722816369e-05,0.00014365369649733438,22.20697780888968
109.61018518005372,-0.7658137797118921,0.048151276145796326,28.509044548317263,-0.2476732392369965,5.4822692665702523e-05,0.0002370988857020893,49.55500974862723
113.51336508955303,0.5187770765790237,-0.6572988536262575,23.6016130282556,-0.3441524902979533,4.3965504711160835e-05,0.0001100987139814894,19.45450217878035
109.21492645504112,-0.27174037344615526,-0.18322928043268308,28.64199569607956,-0.3442707930082156,5.176902792805417e-05,0.00018909711476578734,39.74403360383935
109.65959252068029,0.7658137797118921,-0.2642449976120745,27.608388684119745,0.0668386603579109,6.372221831246892e-05,0.00024244964622846594,35.35785394297548
112.77225498015443,-0.27174037344615526,-0.517864447383441,27.342254304297228,-0.6789355969723361,5.122992688273748e-05,0.0001285650868015055,30.966739815384372
112.47581093639499,1.40810920785735,-0.6484499094687598,26.17269713319382,0.15765068413298805,4.491620950695169e-05,0.00016346051787557116,17.321769028264693
111.48766412386351,0.27174037344615526,-0.4180930256557718,28.875568950323384,-0.1336467575143885,5.31443729945561e-05,0.00018652174500797408,29.701670873663286
113.61217977080618,0.7658137797118921,-0.722507249613015,26.614398763209238,-0.44880291709193476,4.351672556298722e-05,0.00013558387372574547,12.63449086715267
113.76040179268591,1.2104798453510552,-0.9233213012567567,25.075203643610507,0.03105623486601275,4.009097563847913e-05,5.7362593065892915e-05,1.6715601405799079
113.06869902391388,0.22233303281958158,-0.615953350124483,23.718065092298673,-0.36810238420227426,4.12361451039015e-05,9.390530142476109e-05,21.516989631165988
109.21492645504112,1.5069238891104972,-0.1375995776516999,27.833872142838914,0.8296703600589139,5.3848347070261626e-05,0.00025740831756088925,41.441049597964465
111.63588614574324,-0.4199623953258763,-0.48931517276208913,27.94173105969844,-0.21795514630682677,5.146173674419368e-05,0.0001570951072635341,29.092307025163894
110.30188794882575,-2.840922086027987,-0.2276290360233599,27.407466977908314,-4.445327680787924,4.896686832434638e-05,0.00013294397674668793,46.21932982728325
111.19122008010407,-0.32114771407272896,-0.4764170732678384,28.4360856845056,-0.15708425751438848,4.813718430032961e-05,0.0001379660256374704,21.98986577654001
109.85722188318658,-0.3705550546993026,-0.5523639109533651,28.71960227401172,0.17492815447442325,5.043126921895972e-05,0.00020729745407538643,26.687351748721
112.27818157388869,0.8152211203384657,-0.24434285083442506,29.101353817221536,0.31864786295243264,4.800336231291191e-05,0.00014278411828938073,32.96445883453448
110.7465540144649,-0.17292569219300788,-0.03512117055301988,27.861363582846536,0.20180246123561152,6.081150505694912e-05,0.00020547489815065216,52.042381838824
111.04299805822436,-0.4199623953258763,-0.24592852189084202,24.830110568764837,-0.18391410656917248,4.9731929460635934e-05,0.00018787155950353274,38.68392762953376
113.06869902391388,0.27174037344615526,-0.38679283189556535,24.843695035392898,-0.2581434058554378,4.358419302964758e-05,0.00010350936000486071,31.050073827207108
110.05485124569287,-1.1116651640979078,-0.29771469693082825,28.23480530256103,-0.2624505287335243,5.261345370376133e-05,0.00022900434562146216,30.37790864630468
109.51137049880057,1.1116651640979078,-0.39397075602059645,27.258948097699943,0.18744563614880597,5.737284374993861e-05,0.0002664936138436974,30.079312905421116
110.64773933321176,0.617591757832171,0.36480060302779493,27.4880303700765,0.5094528036353029,7.572229950967114e-05,0.0002166888904184321,76.06839132610966
112.62403295827471,0.27174037344615526,-0.2388436432151429,25.5888905890194,-0.20917211197040697,4.49425332217637e-05,0.00012770904519984608,32.27656055219412
113.71099445205932,1.0128504828447604,-0.6261033343502892,24.810386417530196,-0.2544262894877681,4.358300588377121e-05,9.161821105238587e-05,20.183244518828687
110.49951731133204,-0.5187770765790237,-0.18214898100367696,28.317143988903695,-0.05530549714594712,6.775591013184759e-05,0.00022196456454772506,45.20447778767413
111.73470082699639,-0.7164064390853184,-0.47373218622412905,27.642182569150577,-0.396662316204589,4.87647192468189e-05,0.00013108440099383843,27.306847026912443
110.2030732675726,1.1116651640979078,-0.3686558614437148,26.305756787900634,0.2668237406530498,5.591380725368156e-05,0.00022475947212619314,35.57731005684894
109.65959252068029,-0.8646284609650394,0.32873757930723435,28.415303590562644,-0.32123793348853974,5.478199670332118e-05,0.00024351341655313977,68.23281524821454
110.4007026300789,-2.791514745401413,-0.43206445100172464,27.482442262437644,-4.152198430932598,5.240394437407498e-05,0.00011814095442446855,32.96187061075966
110.35129528945232,-2.4456633610153973,-0.49333032790848586,27.81529032860277,-1.7053924534055924,4.941081204296163e-05,0.0001547848876291577,22.73967524964363
110.54892465195861,-2.297441339135676,-0.4257181931503986,27.92738101629567,-1.5530584991714103,4.886976639189424e-05,0.00013031305424249397,30.959888964675944
109.31374113629427,-0.8152211203384657,-0.4090345892079731,27.957482651133603,-1.1465063374719497,5.243061318416648e-05,0.00019813567722611617,31.143686202256017
109.36314847692084,1.8033679328699395,-0.45164751786223173,27.868597379142898,0.8809835954948708,5.056877203628408e-05,0.00026971777374805027,25.323293038656786
112.52521827702157,-0.1235183515664342,-0.7141098080320399,26.693732410007044,-0.6868701672848361,4.708027512526453e-05,0.00012435932796003418,16.284748923141535
111.19122008010407,-0.617591757832171,-0.4675863737731931,26.61640312759971,-0.5184229318006539,4.765971712123195e-05,0.00011259493347735585,25.53582756181474
110.49951731133204,-2.0998119766293817,-0.5563114497312139,28.14613101629567,-1.6918539515248054,4.9971203808106994e-05,0.00020002570772943544,26.045709665911286
113.26632838642017,0.8152211203384657,-0.8082787768546085,27.1843767001306,-0.3770858549777373,4.521850656290953e-05,0.00015281908713462786,5.845782861192897
110.0054439050663,-0.3705550546993026,-0.46460162433908675,28.750924611974654,0.18375564651724735,5.206390904521572e-05,0.00020264757404311168,29.788020461300572
111.8829228488761,-0.02470367031328684,-0.3767049611264344,28.64050071151172,-0.18265949502403356,5.3136658131525576e-05,0.00018743788753018936,28.256283123462683
111.53707146449008,0.22233303281958158,-0.4185080506388829,28.982653248162933,-0.18126246811431132,5.1284373746299946e-05,0.00020267538798016731,26.547463723976023
110.0054439050663,-0.6669990984587447,-0.49006414111569235,28.909896327831177,0.12884209038298808,5.0171696095857264e-05,0.00020196581921207607,25.160070927917676
109.65959252068029,-0.6669990984587447,-0.15385009035883374,28.61367839766143,0.040983866762231896,5.158330197023043e-05,0.00021780126506177176,40.8995166305413
109.61018518005372,-0.4199623953258763,-0.38174485242396367,28.55380667698239,0.0932909956684819,4.9676447645054884e-05,0.00020306711315563246,32.401820403972316
108.96788975190826,1.0128504828447604,-0.2765392884913504,27.66529153423545,0.7804677353964912,5.5870966454000405e-05,0.0002869270254817473,37.57056813980547
110.49951731133204,-1.3587018672307762,-0.47907356982524835,28.710138057190704,-0.7910850592601446,4.896317434867714e-05,0.00020493826532411868,26.04784490454216
111.29003476135722,0.27174037344615526,-0.2917337740849964,29.021935776133603,-0.08710556707264466,5.138843109919211e-05,0.0002178626102372794,32.05877456609046
112.96988434266072,1.5069238891104972,-0.617424782974588,25.182381377985507,0.04325196330929978,4.5026676369633674e-05,9.298594951938892e-05,20.46775908113346
111.24062742073065,-0.17292569219300788,-0.44767530158718427,28.782593569343533,-0.1265403061737249,5.0567211215932425e-05,0.00018218447032618786,24.925734071949414
109.36314847692084,1.3092945266042026,-0.4723135301390184,27.575465868726212,0.43064812819162995,5.2536721431320987e-05,0.0002392620605304297,24.9233665123765
110.25248060819918,0.32114771407272896,-0.06622065492089942,28.175979468263222,0.55393914381663,7.800844484612707e-05,0.00021212988519357515,55.83079581574808
111.48766412386351,0.9140358015916131,-0.4469454386276026,28.185277910585796,0.13158339777110534,5.698620940497056e-05,0.0001759161553196773,28.15537839332438
110.35129528945232,0.5681844172055973,-0.14076117128306703,27.701981951866685,0.5507630551302873,6.988959244858124e-05,0.00023554115252619057,45.13926552705324
113.46395774892646,1.2104798453510552,-0.779458165269895,23.15021811120306,-0.05309165407110144,4.3180988317692235e-05,0.00010354248744674267,4.823584156611787
110.54892465195861,-0.4199623953258763,-0.012023809447618827,27.7274238162571,0.004621230525734993,6.998125343558051e-05,0.00021233880800918523,58.77541630711567
111.04299805822436,-0.9140358015916131,-0.798544442682944,27.361565526326558,-0.6314585341347588,4.507391781727995e-05,0.00011241256255075768,11.349327554104345
112.32758891451527,0.5681844172055973,-0.4310981899066974,29.046702486203117,0.1924648358498091,5.165526305908906e-05,0.00016114615005366012,24.065308177840272
110.25248060819918,-0.8646284609650394,-0.33733495354942816,28.568792691642898,-0.16068909933537612,5.057957803052625e-05,0.0002010512070143557,36.31521841095842
111.53707146449008,-0.27174037344615526,-0.060688390664598336,28.50267277941299,-0.29980404435852426,5.913209378057464e-05,0.00020275494835548773,48.51483741980581
110.49951731133204,0.02470367031328684,-0.17493757344055966,28.04632572597933,0.3902820378174017,6.0485939158428334e-05,0.00023616905019038984,42.82050054110484
111.58647880511666,0.17292569219300788,-0.29641630884415343,28.873835853294167,-0.17409799569918788,5.1608149863373736e-05,0.00020815459313207218,33.12097287230211
111.83351550824953,0.7164064390853184,-0.4321950180666689,28.807670729837355,0.23605750078036458,5.142495875367653e-05,0.00018336349717100863,25.369156893135127
113.26632838642017,0.5681844172055973,-0.7765307618796614,25.64024150047777,-0.3559955711717958,4.728547963097155e-05,0.00011235689679645609,15.596349734043887
112.27818157388869,0.4199623953258763,-0.4848946719833001,27.56956731066299,0.005071082232910914,5.002786268652971e-05,0.00017950592601746334,33.29214578008936
112.87106966140757,0.1235183515664342,-0.6553659573805578,25.481646544845034,-0.5349310577651601,4.514487009497856e-05,0.00012554703780132446,19.995613826793736
111.19122008010407,0.07411101093986053,-0.37490074092520365,28.993485858116685,0.03548542805659917,5.2016938025406534e-05,0.0001827565268326013,32.10502241188945
112.22877423326211,0.02470367031328684,-0.3654968470878348,28.232939585932968,-0.3011656558072126,5.030546801683829e-05,0.00013026131354824513,31.903914377937543
109.51137049880057,-1.0622578234713342,-0.4039563433588047,27.86659904291605,-1.6709362239013488,5.023431111133505e-05,0.0002024505758552386,28.098259144510635
112.57462561764814,0.02470367031328684,-0.7318127491609477,27.7389014397138,-0.5881514534538175,4.783264520259429e-05,0.00015845626085540852,13.090930043152456
110.89477603634464,0.6669990984587447,-0.30995575766543154,28.68048250645768,0.33267163200142946,5.371806846426817e-05,0.00021817577806464635,30.36784516203235
113.06869902391388,1.2598871859776288,-0.7748219574537676,25.84575063917373,-0.13592464982727426,4.2233420455301035e-05,7.888219492445389e-05,8.51761049678835
111.04299805822436,-0.9140358015916131,-0.798544442682944,27.361565526326558,-0.6314585341347588,4.507391781727995e-05,0.00011241256255075768,9.673320262938642
113.41455040829989,0.9140358015916131,-0.7317719637033734,26.23101358766911,-0.3726378237759626,4.5366463188924525e-05,9.872543899464976e-05,8.744945702736409
111.63588614574324,-0.7164064390853184,-0.4189336125198449,27.807188476750923,-0.3647168168315181,4.9631483670172855e-05,0.00012945871410933213,22.749249192628962
109.41255581754741,0.8152211203384657,-0.17607520936584017,26.551100031534872,0.13134980643237076,5.9063412672767215e-05,0.00025399855646153903,44.468543571115944
114.05684583644535,1.3092945266042026,-0.7571347252000262,23.289610351750923,-0.11885213704756747,4.295445843851792e-05,6.626806913777333e-05,13.797174497521793
109.65959252068029,1.556331229737071,-0.4983460373816952,27.039896689521015,0.5195205903347626,5.151402093904997e-05,0.00022344046601470208,27.176502142733174
111.43825678323694,0.07411101093986053,0.016831458532178746,28.83183462354873,-0.24232776518221252,6.090043580812748e-05,0.00021782230032360694,53.262119638134074
110.2030732675726,-1.0622578234713342,-0.4970799636855681,28.3648478613959,-0.23672534065482062,4.924473113038967e-05,0.0001995821934855313,21.65421494400192
112.42640359576842,0.9634431422181868,-0.5843552020495614,29.237511948008603,0.32248403555081223,4.721328117181133e-05,0.000175182175011738,23.10358471407634
110.54892465195861,-1.704553251616792,-0.518736540692377,28.69171598928949,-1.2384011701301292,4.820906230024556e-05,0.0001609213386126837,23.58335760189739
109.21492645504112,1.556331229737071,-0.11225780542906112,27.943162748548787,1.0230252139362288,5.442495865241498e-05,0.0002374541015231623,39.69358797754635
111.63588614574324,-0.07411101093986053,0.08187360163074853,28.934180784814203,-0.2954328722423978,6.0763046025989275e-05,0.0002230878148304058,58.1809633182356
110.4007026300789,-1.8033679328699395,-0.36566843527870535,28.47992550414284,-1.2786564929985704,5.285791595293662e-05,0.00019861161196301622,35.97793161812587
110.25248060819918,-2.8903294266545605,-0.140915197353728,27.38393302729105,-5.822026869397105,4.861605247172486e-05,0.00011477541070495779,47.87228028853373
111.04299805822436,-2.791514745401413,-0.45389388172962886,27.46379112432038,-2.255049450897876,4.965309628217703e-05,0.00010602421739465931,35.657325361187944
110.79596135509148,-2.4456633610153973,-0.5408095674022493,27.607954656341917,-1.6127101918797435,4.693167943809164e-05,0.0001404841383655912,24.06888057580717
113.61217977080618,0.9140358015916131,-0.684521015711487,26.816619538672228,-0.3829173497211786,4.372429774132472e-05,0.00011595778110110769,16.18219237911229
110.89477603634464,-0.8646284609650394,-0.6564919729844517,28.087275041179964,-0.5518227256374595,4.83748136075669e-05,0.0001447034311628934,20.30525338175098
109.75840720193344,0.8152211203384657,-0.14524786690766642,27.07411254600254,0.1689798640616146,6.368023913668628e-05,0.00023338764436884197,46.10361191742878
109.16551911441455,1.5069238891104972,0.032255534898810105,27.833872142838914,0.8296703600589139,5.6219219168748185e-05,0.00025395205865869877,52.33930523134118
112.32758891451527,1.3092945266042026,-0.5781514600962618,26.655308895346593,0.18675616493931524,4.437019136975177e-05,0.00012855903653226217,23.934121892119613
109.51137049880057,-0.22233303281958158,0.14453607797954243,28.51475321922777,0.003689879252586847,6.383640712053272e-05,0.0002110972087740259,61.503553351068504
112.72284763952786,-0.32114771407272896,-0.5075472586888721,27.705644061241628,-0.6817198550259623,4.995030660557029e-05,0.00012198734259474314,26.256974496162425
112.03114487075582,0.9140358015916131,-0.010940011158797626,29.101724549281812,0.302191729898806,5.015079556244511e-05,0.00015015342195365969,46.97502800492478
111.09240539885093,-2.000997295376234,-0.28863521354990185,27.529386586318765,-1.3149739180082154,5.50238608073208e-05,0.0001635613211196747,35.06915345348716
111.58647880511666,-1.0128504828447604,-0.7343911058345532,26.980793559698384,-0.7239102184036631,4.454573836916741e-05,0.00011727100343353005,12.277322970162245
112.37699625514185,-0.07411101093986053,-0.5647356789041267,27.102574520346593,-0.5774130335560551,4.6283910793499516e-05,0.00012947704393338733,25.179294929449885
110.59833199258519,-0.32114771407272896,-0.03213879843262,27.25098790769232,0.08337014545629053,6.413957186143209e-05,0.00020192623962421132,52.169803184152954
110.79596135509148,0.46936973595244996,-0.21934273038842592,28.28625266463672,0.4744397225203336,5.857673527422936e-05,0.00021976560745756943,39.150857053780264
110.7465540144649,-0.6669990984587447,-0.6014492589675837,28.64059113396536,-0.2063592201397743,5.411188895954418e-05,0.00014466159011042383,23.530378608422957
109.16551911441455,-0.46936973595244996,-0.5690260185664531,28.47033469588672,-0.5589028037624596,4.898061931039702e-05,0.00021827992131224724,24.881708905665416
109.31374113629427,-0.5187770765790237,-0.47309711733415183,28.428674057383603,-0.26374432334193476,4.955855133401183e-05,0.0001781497665653268,27.654498447879774
110.35129528945232,-1.6057385703636446,-0.3933864577514931,28.774693660971536,-1.048490658218478,5.27360288913099e-05,0.00020533741396893898,35.171261848626486
110.94418337697121,-2.3962560203888237,-0.4833732118426112,27.641854034235507,-1.5514082893913175,4.6655785741125274e-05,0.00012745779166994996,22.63344324128935
109.61018518005372,0.3705550546993026,-0.27288809852464513,27.219192358888222,0.3181512929775097,5.2117438964207386e-05,0.00018612758725870495,34.852194879946154
111.68529348636982,-0.4199623953258763,-0.5546856881491251,28.087721125284872,-0.22029256673506747,4.8640615135324183e-05,0.0001530960951892261,15.793468357250719
113.01929168328729,1.2598871859776288,-0.6430232385518132,25.106610375863568,-0.11386458520536068,4.16582478300487e-05,7.045640700634611e-05,20.104532529950916
110.94418337697121,-2.791514745401413,-0.43165361985864625,27.439591061627368,-2.3411873873369196,5.005954892563939e-05,0.000151567769153766,29.283011010323285
109.85722188318658,0.4199623953258763,-0.3688046774040201,27.812083345577946,0.5026522815963369,5.265430667232779e-05,0.0002235142639951309,30.096787095971553
110.2030732675726,-2.34684867976225,-0.07588030775011655,27.995743405377482,-2.17897101243337,6.106639431781878e-05,0.00018243437579232497,49.08472541911328
111.09240539885093,0.07411101093986053,-0.41365493512656737,28.99384151976784,0.19353408136485536,5.160677572761498e-05,0.0001893734613671968,33.3897066764336
111.68529348636982,-0.27174037344615526,-0.1755144208891745,28.567171115639837,-0.25589565436045325,6.478964787652731e-05,0.00018300745269648555,44.212300197969675
110.64773933321176,-1.6551459109902185,-0.4205153089016658,28.50236534307038,-1.3303713548330616,5.05350893059323e-05,0.00016853836095321052,36.40618060923143
111.48766412386351,0.22233303281958158,-0.4630862445520709,28.982653248162933,-0.18126246811431132,5.33748415119223e-05,0.00018718161028534108,32.320642512987334
111.33944210198379,0.9140358015916131,-0.4137197774308653,28.131777958811085,0.08409955324950041,6.042537948662766e-05,0.00017993833762216898,36.055495097899325
110.79596135509148,-0.6669990984587447,-0.5214612594742801,28.787735592877482,-0.24704178910196561,5.5447269431038074e-05,0.0001481920714322184,31.43486195755751
113.2169210457936,0.617591757832171,-0.7811957530173116,24.80444566232194,-0.3380128056914718,4.852014417432333e-05,0.0001290867917708878,14.082339212750973
112.03114487075582,0.8152211203384657,0.14938515421899004,28.96990368219076,0.32281181694548805,5.0934701103322456e-05,0.00014444552556403494,56.518636256093984
112.0805522113824,1.0128504828447604,-0.18973199264675053,29.454019471156755,0.3162139919069078,5.1710281686191826e-05,0.00015780276187903395,41.17346899441417
112.72284763952786,-0.32114771407272896,-0.5075472586888721,27.705644061241628,-0.6817198550259623,4.995030660557029e-05,0.00012198734259474314,26.17805443300571
110.64773933321176,-0.32114771407272896,-0.11279150551712123,27.25098790769232,0.08337014545629053,6.503304300306807e-05,0.000223932204535742,44.71315577294972
109.56077783942715,1.6057385703636446,-0.43872951036357066,27.124893796002425,0.5149128127981114,5.2616652795617914e-05,0.0002307236435420891,23.47849746372845
112.0805522113824,0.9140358015916131,0.06603907113955412,29.68211011062425,0.3580404049084509,4.993033067632209e-05,0.00015921262131945532,46.786681451070244
109.16551911441455,0.5187770765790237,-0.1339284435794568,27.82435367254567,0.21119660065497883,5.3989552074061814e-05,0.00021763660491165717,41.030390326321715
110.45010997070547,-1.9515899547496605,-0.2623015323651794,28.13154587451328,-1.5987549931914715,5.893117954142366e-05,0.0002137182255257368,41.6773243507526
110.84536869571805,-0.46936973595244996,-0.2939829793762669,27.975886634544167,-0.13412448947812303,5.233557163341324e-05,0.00016434412048575654,32.79266016527984
109.01729709253483,0.5681844172055973,0.09751293921148928,27.847269736396015,0.409443309277664,5.989208858401543e-05,0.00022870529114356732,52.75919206339863
110.79596135509148,-1.1610725047244816,-0.6984378404684343,28.908515878371247,-1.0139387316173976,4.742961303195588e-05,0.0001590635910245589,17.867363240562057
110.4007026300789,0.17292569219300788,0.03896357922889278,28.225648522082736,0.507562220832448,7.575190881402058e-05,0.0002667914145221429,61.28966082327655
112.22877423326211,0.1235183515664342,-0.3711431313979508,27.52841002381882,-0.21920372968838536,5.0740842425764135e-05,0.00016548354147005669,29.768253699422534
110.25248060819918,-1.1610725047244816,-0.4354380982101864,28.291747335740126,-0.25341732560852426,4.8992661127887693e-05,0.0002048218278835432,24.083250611950902
110.25248060819918,-2.000997295376234,0.022879915822455025,28.42639541155029,-1.529760400454203,6.870188708025343e-05,0.00024046828210132432,59.753299064138474
112.52521827702157,0.22233303281958158,-0.7550341187309499,26.42893628249942,-0.2767297412142341,4.313278201739092e-05,0.00010417615072870412,12.01316062930255
110.84536869571805,-1.2598871859776288,-0.6643641435565522,28.884653392838857,-1.1669930513994191,4.620371535862978e-05,0.0001620729580632796,17.816369254816713
111.24062742073065,-1.1116651640979078,-0.7553148808233183,26.083193974436085,-0.8227005166771972,4.590536620946993e-05,0.0001292718516248876,10.324800699405765
109.61018518005372,-0.17292569219300788,-0.12430787694294383,28.522843014752482,0.09637515486022573,5.383105732495248e-05,0.00018883108297934552,41.44698379310853
109.80781454256001,-1.0128504828447604,0.017144088318149592,28.233189754721593,-0.30239314061624034,5.500620228944953e-05,0.00025981074029706873,52.00778237170458
110.79596135509148,-0.9634431422181868,-0.5210898158742568,28.091084840562587,-0.5393700467215644,5.005262769457224e-05,0.00016752135897099573,20.260618038063363
112.12995955200897,0.07411101093986053,-0.4232880111898947,27.657578498934583,-0.20349810300049959,5.29326594709695e-05,0.0001874780989271708,25.082096768550333
109.95603656443973,0.5681844172055973,-0.26352230906477636,27.401685969034872,0.456806590527664,6.0332167965200204e-05,0.00023652264378163035,38.7763716016618
110.4007026300789,0.17292569219300788,0.03896357922889278,28.225648522082736,0.507562220832448,7.575190881402058e-05,0.0002667914145221429,61.00483969629513
110.64773933321176,-0.3705550546993026,-0.14801666004255815,27.388656093456177,-0.03134430043491316,6.58506979397545e-05,0.00019867589532172338,40.46646540735842
110.10425858631945,-2.198626657882529,0.19222117089216614,27.953479950516453,-2.834545858112383,6.568763516217875e-05,0.0002854666137551134,62.75089747132641
113.11810636454045,1.2598871859776288,-0.8904123038831819,25.84575063917373,-0.13592464982727426,4.274380198858228e-05,8.010907065408289e-05,5.536679288502227
110.84536869571805,0.9140358015916131,-0.3586543905097001,28.281195035392898,0.22382183575335846,5.429116546344973e-05,0.00017677244855621022,30.27963913229368
109.51137049880057,0.6669990984587447,-0.19382397007124055,26.75885164708268,0.1504296976842998,5.3944804716259303e-05,0.00021700568470706008,39.94664333738207
112.77225498015443,0.07411101093986053,-0.6804236139607431,25.744793969613568,-0.5827961836332157,4.985272129280016e-05,0.00014551243152281055,15.185771597348978
111.83351550824953,-0.7658137797118921,-0.5958304664794423,26.470639118147517,-0.6472184142948669,4.797883836817126e-05,0.0001329616890391914,23.0257674122034
111.43825678323694,-0.4199623953258763,-0.7229415299970879,27.751036133000923,-0.3085267970591415,5.0803897242977786e-05,0.00017186739751713103,13.501466283555715
112.96988434266072,0.1235183515664342,-1.0492899950614731,25.031303542337298,-0.48579775698391,4.358822909479359e-05,0.00011022377412331205,0.4147590955279864
110.05485124569287,-0.9140358015916131,-0.4101939356158151,28.963770025747806,-0.03095246980219711,5.300636620272571e-05,0.00021241727931354228,23.071108617625896
111.48766412386351,-1.0622578234713342,-0.5205875898091781,26.60162508458268,-0.6040951926031229,4.70945969016261e-05,0.0001296012703517875,26.654690525241193
111.33944210198379,-0.7164064390853184,-0.7069133934197083,26.144337637630542,-0.534065262770947,5.061114791252837e-05,0.00013426298212084064,14.978187910538203
111.78410816762296,-0.6669990984587447,-0.446259322307916,26.818177818957736,-0.47900175606762924,4.8853458545017117e-05,0.00012399320687367385,21.347068998524314
111.19122008010407,-0.7658137797118921,-0.7881195225981569,25.542696771503927,-0.6162977027304379,4.2258229593426974e-05,0.00010125804614453094,12.976381937569867
111.8829228488761,-0.7658137797118921,-0.7897252698538313,25.6205233774067,-0.7300619593373051,4.6646046061313625e-05,0.00011546869834553826,10.400869524594771
110.69714667383833,0.4199623953258763,-0.22429217571571694,28.23836794723701,0.5314247063648553,6.305114574270819e-05,0.0002413259022420883,41.91907249269483
111.8829228488761,-0.22233303281958158,-0.13567651202064082,28.397161832267898,-0.23538181369687303,6.250198752636719e-05,0.0001595454111250101,44.16853905592162
109.36314847692084,-0.4199623953258763,-0.20948280401521147,28.335924732537933,0.03711303222326585,5.0648634655620145e-05,0.00020099888326763793,31.519253089338598
112.72284763952786,0.32114771407272896,-0.2836613932939963,25.286231566064146,-0.25152297520343164,4.685940077985301e-05,0.0001490323747603183,33.47621518682875
109.65959252068029,-0.4199623953258763,-0.5443079171232246,28.68587168469844,0.14032800256470107,4.959439207571249e-05,0.000220377609825739,21.261712977955586
111.09240539885093,-0.9140358015916131,-0.766388201508665,26.345841061627425,-0.6825916781837555,4.685272872122288e-05,9.469047362738558e-05,10.999322201188194
109.56077783942715,-0.5187770765790237,-0.18159563951934862,28.598062439906755,0.010637337778821402,4.9067347607556586e-05,0.0002057061692025926,36.146340583866404
113.16751370516702,0.9140358015916131,-0.7325251516080685,27.679949013980945,-0.33716584870844707,4.6705523284210553e-05,0.00015318777522321393,15.465194390767913
112.37699625514185,0.8152211203384657,-0.5668004739223159,29.264771303718476,0.2894534667332967,4.6000128091561216e-05,0.00013394871776369467,19.35169439492241
108.96788975190826,1.0128504828447604,-0.2765392884913504,27.66529153423545,0.7804677353964912,5.5870966454000405e-05,0.0002869270254817473,32.88817727755698
111.1418127394775,-0.1235183515664342,-0.37880395344211043,28.60555544723701,0.04387738528075042,5.12436414601297e-05,0.00017317235126073716,29.901962600937093
110.59833199258519,-2.495070701641971,-0.4177749396388464,27.688716977908314,-1.620144424615083,4.710518532455063e-05,0.00012319423526864384,30.435393295856993
110.89477603634464,0.9140358015916131,-0.33519355149990854,27.838016505300345,0.1970703528251177,5.219547535380345e-05,0.00019324535345892536,34.76998882888695
109.21492645504112,0.9140358015916131,-0.4134840303955471,27.491297634736952,0.2504384385214912,5.3513095069001595e-05,0.00025202629969075916,31.030498791072397
110.25248060819918,-1.7539605922433656,-0.35397842380167344,28.567855312206177,-1.2042312783959472,5.888779908531922e-05,0.00022729920744956724,38.245491522623865
110.69714667383833,-2.939736767281134,-0.2460699304571827,27.53297334364902,-4.003202572280978,5.065900383256998e-05,0.00013439182846052306,44.496099964002134
110.84536869571805,0.5681844172055973,-0.302178234376183,28.386178518224654,0.453363002082448,5.868763914724541e-05,0.0002424315828008662,33.54494043739803
113.16751370516702,0.7658137797118921,-0.66472188527099,27.663344437399132,-0.35987846203792234,4.950224270277866e-05,0.00017133231605330539,18.684767371536203
113.51336508955303,0.617591757832171,-0.6180022323681766,24.581050962283314,-0.41509644043298416,4.42102310962717e-05,0.00011084681440059473,19.496043341788976
108.91848241128169,0.6669990984587447,-0.2535616899635039,28.03637925607194,0.7328565459192536,5.599031782627764e-05,0.0003055437098812537,38.411162293712025
113.61217977080618,0.46936973595244996,-0.39193393140597016,22.494465434698384,-0.3495220770070582,4.205627341300215e-05,9.900604905585293e-05,25.320039563147237
109.36314847692084,0.8152211203384657,-0.3068268645524016,26.551100031534872,0.13134980643237076,5.924764761176353e-05,0.0002211925891668282,37.27668937364906
110.4007026300789,-1.0622578234713342,-0.4174600631464018,29.389032853679907,-0.3702265583438638,5.169106827652426e-05,0.00019709329253046333,25.0132236930808
110.69714667383833,-1.9021826141230869,-0.5578616828665679,27.74262684480641,-1.4348959437123052,4.6321536618147256e-05,0.0001485991227197575,29.766328921618417
110.05485124569287,0.5187770765790237,-0.18117533730730706,27.702289388209238,0.5691263484366146,6.527859028565227e-05,0.0001990950577087863,44.10467007420808
111.38884944261036,-1.2598871859776288,-0.6784220415354906,26.609109049667552,-0.5223269212393113,4.6074707736038936e-05,0.00012147684522506049,19.13107355612051
112.77225498015443,-0.5187770765790237,-1.070670176051463,26.11692154966761,-0.4358905907030458,4.280635409652662e-05,0.00011764964008068463,1.9130089365826048
110.69714667383833,-2.5444780422685445,-0.44794937122206535,27.64278839959036,-1.5909266692620736,4.628814417520658e-05,0.00013784561353336159,31.070134430484934
111.73470082699639,-0.9140358015916131,-0.7057516327447977,27.136971221735394,-0.7149275011486478,4.7897760062738116e-05,0.0001156841718326158,17.258971869990813
110.25248060819918,-2.3962560203888237,-0.3087355929656723,27.80392422617217,-1.8115265619607617,5.318062534565188e-05,0.00014209523994712314,36.9780400152203
109.75840720193344,0.07411101093986053,-0.4698429444833426,28.12354348736045,0.32818667829772574,5.425215486483114e-05,0.0002139732750547872,26.33671311725494
113.85921647393906,0.9634431422181868,-0.4593765585864329,21.136308123741628,-0.13983089982727429,4.095665999889268e-05,9.657146552699715e-05,21.178271148018826
109.461963158174,-0.27174037344615526,0.2285827161941345,28.507507366604273,0.031209953037309064,6.332765278365757e-05,0.00022191778830883094,63.59649560679699
111.68529348636982,0.4199623953258763,-0.5322968760426312,28.779410698973095,-0.037376231617397726,4.993233941824432e-05,0.00019051968911638158,25.000932997362934
111.53707146449008,-0.02470367031328684,-0.09508961534944148,28.70143037489902,-0.27215285801593164,5.588853024451553e-05,0.0002365741326773339,45.866336936123986
109.2643337956677,0.6669990984587447,-0.2789405950315386,27.145142397468533,0.128999576156522,5.3094297760657754e-05,0.00023354610912218145,37.16069747561881
112.22877423326211,0.8646284609650394,0.11421242132337936,29.2875909169515,0.37772612660019483,5.062560895255817e-05,0.00016463435295131158,58.836938890897784
113.11810636454045,0.27174037344615526,-0.4203431968235916,24.843695035392898,-0.2581434058554378,4.456463306807395e-05,0.0001094927978424931,20.22944966049969
109.01729709253483,0.9634431422181868,-0.27150790585412193,27.66529153423545,0.7804677353964912,5.572004902484693e-05,0.00023345004619934856,38.01164064976794
109.01729709253483,1.1116651640979078,-0.26799302078791054,27.79717268296241,0.8634619845284356,5.324812715329509e-05,0.00023841703971503304,36.307498401394135
112.42640359576842,0.6669990984587447,-0.48600285953617367,29.108075219613568,0.24329431115845104,4.79632156130113e-05,0.00017758707184693638,18.47859422641546
111.09240539885093,-0.617591757832171,-0.6156140915989835,27.034429145153638,-0.5160636592794348,4.795712123991724e-05,0.00012998937412977691,18.68485060059268
114.05684583644535,1.3092945266042026,-0.7571347252000262,23.289610351750923,-0.11885213704756747,4.295445843851792e-05,6.626806913777333e-05,12.069765876763572
111.78410816762296,-0.32114771407272896,-0.2448420862632654,28.511751193764837,-0.30712148142449647,5.403100839214627e-05,0.0001403127102943911,40.41978697085089
111.19122008010407,-0.8646284609650394,-0.7496647104230466,26.227288182576615,-0.6306997390440953,4.4546943010551865e-05,0.00011387327752893076,15.233539437431293
112.57462561764814,0.4199623953258763,-0.5472599663598983,27.176130172352714,-0.11143900288475883,4.8533822856203156e-05,0.00017427306374606142,27.674826279054876
111.38884944261036,-1.1116651640979078,-0.5450331639460406,26.6002265506321,-0.5566369677767341,5.0255904749210825e-05,0.00012072004203296228,27.145214028731417
109.95603656443973,-0.3705550546993026,-0.3806445410398924,28.750924611974654,0.18375564651724735,5.058777497585773e-05,0.00022540414988275336,30.398546157190214
112.821662320781,1.0128504828447604,-0.6516535486725152,29.01681485117217,-0.12157083882225884,4.8982952774947445e-05,0.00016484092609822076,13.769007232979622
111.53707146449008,0.5187770765790237,-0.3126418618589674,28.58077668084036,-0.035191775840005754,5.253509855318973e-05,0.0001750539460906119,31.67414888336908
113.31573572704674,0.8646284609650394,-0.7488620836912219,26.87848055333268,-0.34658184022079286,4.6843125630586844e-05,0.00016917768850692466,10.710833945745701
111.48766412386351,-0.17292569219300788,-0.16467613248326304,28.78191238685895,-0.34876328191639455,5.468964031702974e-05,0.00020901190013444592,44.696487694382874
110.84536869571805,0.6669990984587447,-0.31413365897522366,28.699175841719978,0.4069544312394695,5.554561547139945e-05,0.00021215125462244362,32.78915926457408
112.87106966140757,0.5681844172055973,-0.4984591549901704,27.74497481452096,-0.21488756456492858,5.245201447838065e-05,0.00015225228816550268,16.414724786629364
110.49951731133204,-0.5187770765790237,-0.18214898100367696,28.317143988903695,-0.05530549714594712,6.775591013184759e-05,0.00022196456454772506,40.427198651767306
110.79596135509148,-1.1116651640979078,-0.739929659107538,28.453561330724654,-0.7504484550452527,4.511946329719054e-05,0.00011507083940339252,10.430206094880361
109.16551911441455,0.17292569219300788,-0.10634713173057721,28.27035338319382,0.47079117651338925,5.684716389264308e-05,0.00025065443402425415,46.02589277457353
113.06869902391388,0.5681844172055973,-0.47300065222478,25.09190768489134,-0.2930849025278916,4.7879512078058146e-05,0.00012869361955733071,21.272835907693356
109.21492645504112,1.3092945266042026,-0.3801249452798366,27.58908650433574,0.5929541720284356,5.372607926946647e-05,0.0002488532465539449,30.53081831025466
110.54892465195861,-2.198626657882529,-0.4727371608560426,28.03609593238366,-1.6428811505988792,5.0916256517577916e-05,0.0001449267176799222,33.595411590259594
110.0054439050663,0.27174037344615526,-0.023867401937358684,27.71426433516143,0.5008415719609202,6.622954112535639e-05,0.0002266904764228669,53.051207095076734
110.99359071759778,0.7658137797118921,-0.29806686343408145,28.555087661743187,0.2069482523717998,5.33777209757006e-05,0.00018096764343303982,29.54481245573677
111.83351550824953,-0.3705550546993026,-0.3380990558715941,28.473303566449943,-0.2830223904715644,5.20085328430458e-05,0.00018143682901814083,36.59165052105884
109.70899986130686,1.556331229737071,-0.5814260187931812,27.039896689521015,0.5195205903347626,4.934894541749252e-05,0.00022166563941326467,20.143357053112524
111.68529348636982,0.7658137797118921,-0.32314800672013544,28.684488221156812,0.20448574754926896,5.542849351105692e-05,0.00020430149976420706,28.585944653595597
110.30188794882575,-2.791514745401413,-0.3120582198275542,27.407466977908314,-4.445327680787924,5.0138331089025635e-05,0.0001678958492724212,46.9433539670872
111.38884944261036,-1.1610725047244816,-0.46043953424638584,26.724454945693765,-0.5293067811447896,4.827709121535155e-05,0.00012693414374620896,34.92517151513403
110.05485124569287,-0.617591757832171,-0.3155968529242723,28.666451955724654,0.14308362684132142,5.130420027831198e-05,0.00018247342174087096,33.79671546717999
111.09240539885093,0.27174037344615526,-0.33044701587144315,28.86795839380335,0.19318821547943868,5.587023438508893e-05,0.00020901363184094735,32.73047207717808
112.821662320781,-0.5187770765790237,-1.0865148562007179,26.11692154966761,-0.4358905907030458,4.39062104052172e-05,8.624826204251084e-05,4.354093612019273
109.16551911441455,0.22233303281958158,-0.08872201948979523,28.27035338319382,0.47079117651338925,5.670968938553432e-05,0.0002808633289896241,48.356436597674275
110.10425858631945,0.9634431422181868,-0.3661727179206958,25.650076449358835,0.26334322970590474,5.637707454206309e-05,0.00021793572125048462,30.065213439256496
112.17936689263554,1.2598871859776288,-0.4594301148613079,26.468698049474654,0.15037845829386767,4.558150311152332e-05,0.0001386277956751165,25.674629180742105
111.33944210198379,0.22233303281958158,-0.23018993569847931,29.081909975593476,-0.1090111600028144,5.252427890899376e-05,0.0002259175361117033,38.881689002868576
110.30188794882575,-0.02470367031328684,-0.20815061761648865,28.344945879335796,0.38914120785983985,5.389734348542732e-05,0.00023510019970068014,39.80763563019322
111.98173753012925,0.8646284609650394,0.018218134853478483,29.101724549281812,0.302191729898806,5.0828067718792774e-05,0.0001511330673184315,44.9806681210822
110.25248060819918,-1.6551459109902185,0.08469439893784235,28.61300927150404,-1.087012884057598,6.665220344617553e-05,0.00026841134335548074,60.67087527673593
110.84536869571805,0.07411101093986053,-0.27122555641003065,28.525902307769456,0.4511589547734203,5.4681607877125264e-05,0.00022692566380171946,36.28793164387231
112.22877423326211,0.5681844172055973,-0.42913849047723357,28.909185004528695,0.2150252380488831,4.99866021937408e-05,0.00017422606501561302,27.852340136011602
111.43825678323694,-0.32114771407272896,-0.4983359934904258,28.420225586125923,-0.3509823996343731,5.3290123013427074e-05,0.00016448593130717658,25.313390575386382
109.36314847692084,-0.1235183515664342,0.40434639919382176,28.47393953770768,-0.02457165865250576,6.304156901980688e-05,0.00024172994310703497,67.0388207228092
112.03114487075582,-0.5681844172055973,-0.8415910473686196,26.60950088030029,-0.4869830446478762,5.049184899612802e-05,0.00013735246274839387,8.8410445653739
113.51336508955303,0.6669990984587447,-0.6237750667809967,25.749028754528695,-0.4540353630795891,4.47525787086247e-05,0.00011963988100050102,20.939016694685062
111.73470082699639,-0.27174037344615526,-0.18710605855793327,28.567171115639837,-0.25589565436045325,6.169696182587336e-05,0.000172882349996279,45.03953391377485
110.79596135509148,-2.3962560203888237,-0.5023812810137207,27.607954656341917,-1.6127101918797435,4.589731521159489e-05,0.0001267219741956309,28.360921631138453
113.11810636454045,0.7164064390853184,-0.5819392357668396,27.363114764366628,-0.35595412754718164,5.56298051684841e-05,0.0001788492219726293,22.905077930643785
110.89477603634464,0.27174037344615526,-0.2417916011945027,28.64986244955179,0.3955265401322165,5.788864412256937e-05,0.0002100877060937981,39.03746239678802
110.2030732675726,-2.198626657882529,0.21782388155066026,28.1351416740888,-2.1685362612759627,6.841162410514044e-05,0.00022923726508606933,64.2228969769776
111.93233018950268,-0.17292569219300788,-0.17874040355634932,28.397161832267898,-0.23538181369687303,6.152799702166237e-05,0.00017717611358502607,40.89316615615111
109.16551911441455,-0.1235183515664342,-0.3153876846363496,28.71795055719076,0.02578234525374424,5.0880898965310836e-05,0.00023975704688772602,33.07494993051947
111.24062742073065,-0.9634431422181868,-0.656373881598688,26.349590579374365,-0.6817537634461014,4.8064933444054385e-05,0.00014257461920843027,18.74609204461406
111.09240539885093,-0.7658137797118921,-0.36456214031238005,26.16033035560895,-0.6578106512258081,4.9691503748884555e-05,0.00010958023386050536,31.680482538945633
110.35129528945232,-0.1235183515664342,-0.2150757092982972,28.323072687784872,0.32209747956122886,5.740432601890383e-05,0.0002161979995989389,44.949197962037076
109.85722188318658,-0.9634431422181868,0.33278511193376237,28.440893144960853,-0.10481857223275266,5.832528474945334e-05,0.000231329438008546,59.110720206135
110.54892465195861,-0.32114771407272896,-0.046113190922168354,27.64046755661201,0.11622439048908377,5.967236345873775e-05,0.0001977414367589937,47.59798749896553
112.0805522113824,0.9634431422181868,-0.09435469876604585,29.454019471156755,0.3162139919069078,5.0220316835695616e-05,0.00016255027595913818,41.45350641129048
111.98173753012925,0.9140358015916131,-0.09441210751726702,29.101724549281812,0.302191729898806,5.066795464668198e-05,0.00013543529243136487,42.63231794030034
111.24062742073065,0.32114771407272896,-0.39152715449775494,28.882893169073384,0.03590739950721648,5.2681946506392346e-05,0.00018152772622775218,31.49143253433158
111.93233018950268,-0.22233303281958158,-0.15065867492265367,28.397161832267898,-0.23538181369687303,6.555304099895991e-05,0.0001743984271324137,44.488123817917604
110.35129528945232,0.22233303281958158,-0.08576278877087103,28.225648522082736,0.507562220832448,7.768636064678434e-05,0.000250489862166937,51.79097975549035
109.56077783942715,-0.4199623953258763,-0.27414228670273866,28.55380667698239,0.0932909956684819,4.985732674206012e-05,0.00019637066050130737,32.12019090995964
112.0805522113824,0.617591757832171,-0.26733299961501317,28.814892469806523,0.22086502151724738,5.12044594830223e-05,0.00018297547781988385,36.32148292661019
110.4007026300789,0.7164064390853184,-0.042718485409616015,27.870432954953003,0.5035572596538215,6.825434376071667e-05,0.00023889030285032553,55.83827553910317
111.04299805822436,-2.1492193172559553,-0.5890205789003055,27.81694807358724,-1.3066686156355305,4.6643642652778473e-05,0.0001542553708039884,24.172737661206437
112.62403295827471,1.5069238891104972,-0.6813464994046945,25.309596728101212,0.11520563084402201,4.375442279266414e-05,7.339243126067e-05,15.470875928094053
111.83351550824953,-0.07411101093986053,-0.30611476651885805,28.75829102786969,-0.23413473735620952,5.60837390331113e-05,0.0001740360208573638,39.85737993628088
109.461963158174,-1.2598871859776288,-0.4960708700533395,27.731049756650634,-2.601460131598108,4.77546352140651e-05,0.00020832461431004963,28.05456602898602
111.33944210198379,0.8646284609650394,-0.1849583494595359,28.131777958811085,0.08409955324950041,6.451033194545153e-05,0.00019275231927768087,44.35797307614953
111.93233018950268,0.5187770765790237,-0.39768339415573006,28.67544296170462,0.17495829529232448,5.170370956797444e-05,0.00018421139595433203,29.425123861822474
112.52521827702157,1.556331229737071,-0.6063861255691821,25.50412255275404,0.055425086139160896,4.298499081843472e-05,0.00011440110681842836,19.240124718709275
112.22877423326211,0.8646284609650394,0.11421242132337936,29.2875909169515,0.37772612660019483,5.062560895255817e-05,0.00016463435295131158,50.38970508581808
110.99359071759778,-0.3705550546993026,-0.16425359145093696,24.830110568764837,-0.18391410656917248,5.423744968972949e-05,0.0001737546249447405,37.46319551391183
109.36314847692084,-0.3705550546993026,-0.20915377670683788,28.335924732537933,0.03711303222326585,5.184250165295749e-05,0.0002145170915012878,38.88543589969144
111.68529348636982,0.17292569219300788,-0.37081970546503973,28.694787338633546,-0.1616325069356847,4.89858634288473e-05,0.00017256650588744638,33.86619782617408
111.63588614574324,-0.1235183515664342,0.2898892092738367,28.934180784814203,-0.2954328722423978,6.900399602103226e-05,0.00025027089688450327,63.98806132349553
111.19122008010407,0.22233303281958158,-0.4398426435702024,28.999523063942206,0.052079455352123875,5.1298603759965826e-05,0.00018728800986540412,27.00699965692956
112.57462561764814,-0.17292569219300788,-0.5044636697113172,27.781978696658427,-0.7541738601378453,5.175469468761613e-05,0.0001391926872704432,26.35861585336552
110.4007026300789,-2.0998119766293817,-0.22271549857054018,28.336789774011663,-1.6712700334596047,6.609675718075063e-05,0.00022048780566106594,44.14243486180143
112.96988434266072,0.8646284609650394,-0.5959744460181766,28.51829476533112,-0.2893512087103761,5.280202544200256e-05,0.00017992500697172533,28.15827616119572
112.72284763952786,-0.27174037344615526,-0.5320290060802102,27.705644061241628,-0.6817198550259623,4.9419052351804175e-05,0.00011297807766093105,22.44990574578227
113.51336508955303,0.5187770765790237,-0.6572988536262575,23.6016130282556,-0.3441524902979533,4.3965504711160835e-05,0.0001100987139814894,20.85553004719086
110.7465540144649,-1.852775273496513,-0.4833135940990511,27.74262684480641,-1.4348959437123052,4.6604395732642933e-05,0.00013160597462741946,29.839091905190283
109.21492645504112,-0.3705550546993026,-0.4113998391890954,28.47661001417373,-0.4055402941173977,4.985829766729122e-05,0.000179293547819338,31.45410665114383
111.58647880511666,0.32114771407272896,-0.3812395070938402,28.778211094420726,-0.1184708557011169,4.982692770571126e-05,0.00019026138179356681,29.03900606338406
113.51336508955303,1.0128504828447604,-0.7669132182051486,25.829140034428406,-0.2965556177092187,4.3397358494842615e-05,0.00014435078095158894,9.741335231211819
110.10425858631945,0.617591757832171,-0.062000801215625796,27.55430400047777,0.5200540828116148,7.084292181742801e-05,0.00022593191491611405,55.07101502450035
109.36314847692084,0.27174037344615526,-0.05438640110758204,27.763071361588857,0.2783209556414757,5.428050934767642e-05,0.00020430456888553817,47.35897264991412
110.59833199258519,0.22233303281958158,-0.19503788931952024,28.22622421170462,0.5191264991407042,6.224731967759265e-05,0.00021910844807531305,40.86800657014672
111.33944210198379,0.8152211203384657,-0.17282858416960356,28.599970353679907,0.07144794493545721,5.852113978189191e-05,0.0001865074216841451,43.15417852936683
112.12995955200897,-0.3705550546993026,-0.2923484458385777,28.37965604523083,-0.4408472482069039,5.770750885164492e-05,0.00018128026655399708,41.543933400675314
110.7465540144649,-1.1116651640979078,-0.7227640956943929,28.396739860817206,-0.5496262135329071,4.785468501131592e-05,0.00014753329882811434,20.289698280341646
112.92047700203415,0.7658137797118921,-0.7335142712480386,28.678240029605774,-0.21056612479833903,4.8911225158109056e-05,0.00017537763472378807,6.93101970596145
111.29003476135722,-0.17292569219300788,-0.41710915682907973,28.50507198851784,-0.28789917480798416,4.96794894112026e-05,0.00019193694629557987,31.267126901921085
109.56077783942715,-0.27174037344615526,-0.01196218307824302,28.5406833648683,0.0769938554292844,6.337887193044556e-05,0.000195991372000411,48.85540541009685
109.85722188318658,0.5681844172055973,-0.32570714807212525,27.223131763787933,0.38565617579000966,5.866962188291233e-05,0.00020612515710569814,37.41811526559266
110.25248060819918,-1.7539605922433656,-0.35397842380167344,28.567855312206177,-1.2042312783959472,5.888779908531922e-05,0.00022729920744956724,34.67870778916287
113.36514306767332,0.5187770765790237,-0.7543359912339217,25.139680881264837,-0.32977381311816933,4.3133157592200725e-05,9.911028780669653e-05,8.970567658666436
109.85722188318658,-0.46936973595244996,-0.5097184707853576,28.761498010894456,0.15404508879155293,4.9566929918143844e-05,0.0001991705610047609,23.82406868480975
110.79596135509148,-0.6669990984587447,-0.5214612594742801,28.787735592877482,-0.24704178910196561,5.5447269431038074e-05,0.0001481920714322184,25.881383299306645
109.61018518005372,0.8646284609650394,-0.17085022500620584,27.363355890909816,-0.006621294551425511,6.342282158794625e-05,0.0002731388824116405,48.142306477578174
112.92047700203415,-0.17292569219300788,-0.5369595590049541,27.280724838633603,-0.7573823502034317,4.846737953159964e-05,0.00016189101729675918,27.923909513749393
110.7465540144649,-1.3092945266042026,-0.5958774118314499,28.968574472121247,-0.9648506420629995,4.831000949393463e-05,0.0001455604929873307,18.44669129691896
110.54892465195861,-2.7421074047748393,-0.3252133245158778,27.56822303018464,-2.5861689411563638,4.778698885423878e-05,0.00014476344181319514,33.258714905522034
111.04299805822436,-0.02470367031328684,-0.2189621708730907,28.47578114168141,0.21898046687797265,5.846161363279711e-05,0.00020174083336904695,38.590436306925916
110.2030732675726,-2.000997295376234,0.26981646142123455,28.280034613903638,-1.6543504853307462,7.105221661063584e-05,0.00026043377290764605,64.06821701974
110.59833199258519,-1.7539605922433656,-0.505557423983213,28.16805544723701,-1.413719005054898,4.782681136277799e-05,0.00018909204150800867,26.222542790806028
111.1418127394775,0.17292569219300788,-0.486941143388728,29.114657974243187,0.20844851158283373,5.3573607828783335e-05,0.0001780956058498064,29.107637524743158
111.33944210198379,-1.3092945266042026,-0.7315467161664405,26.371255799281755,-0.6778120979850676,4.534325681045768e-05,9.50237785973595e-05,6.128603964890739
110.69714667383833,-0.7164064390853184,-0.6555145115208479,28.64059113396536,-0.2063592201397743,5.224290189095146e-05,0.0001680945229381506,19.432144595249742
110.45010997070547,-2.495070701641971,-0.3877593834832805,27.635611870848095,-1.800633670371256,5.073198782539227e-05,0.00013364605225176193,30.178921754580383
111.33944210198379,0.07411101093986053,-0.1438074171884337,28.88461420977552,-0.12984600037704278,5.313572880928962e-05,0.00023114792775234455,42.20106765081815
113.61217977080618,1.0128504828447604,-0.7263371018080378,26.278663206689146,-0.2967763992003452,4.52466436809211e-05,0.00014192289046839547,11.535256122924496
110.69714667383833,-1.3587018672307762,-0.4545772461716971,28.442858326287876,-1.03736643585158,4.759611649436056e-05,0.00014492772069955656,28.280616982504753
112.52521827702157,0.4199623953258763,-0.4919884135031773,27.34198605101784,-0.08666023648815392,4.90040766103184e-05,0.00016038783427577217,29.14403156605779
112.27818157388869,0.3705550546993026,-0.5120903532040345,27.56956731066299,0.005071082232910914,4.9886976111750656e-05,0.00017048627817523441,22.966780652015164
110.05485124569287,-1.7539605922433656,1.01183269634688,28.11065225954411,-1.648464737115083,8.44740406161353e-05,0.0003429193944453117,110.6097165831073
113.46395774892646,1.0622578234713342,-0.687510312836465,24.489893072622806,-0.15637067365057675,4.045505367741268e-05,9.841428950374933e-05,11.016992945098142
113.71099445205932,1.0622578234713342,-0.6126307573727223,25.201692600014837,-0.11084673581299959,4.621236021900261e-05,0.00014937042200788154,20.45067917929485
111.53707146449008,-1.2104798453510552,-0.7088468416115643,26.707196313363568,-0.585466660099265,4.3858657375724994e-05,0.0001242838875699392,16.12424153556348
112.67344029890128,-0.17292569219300788,-0.6134321239827359,27.648943154605888,-0.7923924172366107,5.164722006660246e-05,0.00015241974706288548,22.580337076051574
110.69714667383833,-2.9891441079077077,-0.41337438975501456,27.432357265331063,-4.729146431993555,4.854706321361308e-05,0.00010014266230630686,33.57496799574832
110.94418337697121,0.4199623953258763,-0.2436104538202703,28.575499023625866,0.39494180826493247,5.2184460844922364e-05,0.00021141414315924975,34.18046311324907
109.31374113629427,0.8152211203384657,-0.3457622948384161,26.995224983309583,0.11706908691076585,5.598564545519063e-05,0.0002150314609755512,35.06420604125262
112.77225498015443,-0.1235183515664342,-0.4118554047795196,27.806229998741685,-0.8165540503866878,5.227632186781769e-05,0.00014010381469502998,35.14699041216245
111.68529348636982,0.5681844172055973,-0.5711764621409761,28.607668318571882,0.12000178849255595,4.954872529626065e-05,0.00016122133405120209,18.04318718164297
111.48766412386351,-1.0128504828447604,-0.6173621862311778,26.89478070765375,-0.6302822887161633,4.702428073676165e-05,0.00013641236972718486,19.442396214625777
110.10425858631945,-0.617591757832171,-0.17640118806131333,28.666451955724654,0.14308362684132142,5.160696716567252e-05,0.000197617904140321,37.454664372964565
110.2030732675726,-2.297441339135676,0.06432194629738382,27.995743405377482,-2.17897101243337,6.521937788090894e-05,0.00018707847005008078,62.01833735596768
111.78410816762296,-0.7658137797118921,-0.4842018468452504,26.470639118147517,-0.6472184142948669,4.911795417371888e-05,0.00011132948624452489,27.523272664288424
110.69714667383833,-0.22233303281958158,-0.1523106456868175,27.861363582846536,0.20180246123561152,5.952019986436927e-05,0.00023446673859058438,37.51284518503945
110.25248060819918,0.1235183515664342,-0.2057768522689179,28.297965386473095,0.4485954782109203,7.034752268772075e-05,0.00022683704116469936,44.85099315651285
109.51137049880057,0.5187770765790237,-0.17866041086612894,27.123462107152193,0.23199753260906833,5.483330688802074e-05,0.00021852419421354986,41.50489833768947
113.9580311551922,1.2104798453510552,-0.8089052197312869,24.20641868026172,-0.06375999656724342,4.4841917866875204e-05,0.00015752704724478393,16.690657543445667
111.04299805822436,-2.0998119766293817,-0.5270577650714336,27.81694807358724,-1.3066686156355305,4.876854211931328e-05,0.00016490082231758834,28.140408419709722
113.31573572704674,0.07411101093986053,-0.7915972837134386,24.175744369883603,-0.4890318667447126,4.408636962965151e-05,8.683873700740337e-05,14.434513619336544
111.58647880511666,0.8646284609650394,-0.4573322064965376,27.778048334003984,0.16292683430659916,5.3990934838602785e-05,0.00019531032974957533,29.71453382095987
110.15366592694602,1.2104798453510552,-0.2820568213436705,25.828329246426847,0.19595740312411458,5.423580806015585e-05,0.000245429894585172,33.982701109474185
113.51336508955303,0.9140358015916131,-0.6811228341167627,26.32463699623395,-0.38326396912704275,4.678869745439096e-05,0.00010846041846906902,13.727814031239296
111.78410816762296,0.6669990984587447,-0.5124027769790283,28.807670729837355,0.23605750078036458,5.2029385427845055e-05,0.0001754834787601526,28.270907687377246
111.09240539885093,0.3705550546993026,-0.31446486770173443,28.755557255686085,0.1674027457649325,5.625341268605474e-05,0.00022109313730888194,36.90576635322178
110.59833199258519,-1.3587018672307762,-0.41348698221715025,28.670382318378984,-0.8838908981393885,4.8007385204660334e-05,0.00018071075911166396,29.953134359798867
111.04299805822436,-2.6927000641482657,-0.37465200295938134,27.45379341502246,-1.7517927355236476,4.771279993476814e-05,0.00013083334740115096,32.479208741818795
110.4007026300789,-1.2104798453510552,-0.5520316844713057,29.003209285971593,-0.3852600447925521,4.9271959986520856e-05,0.0001822836817560197,26.707416218060995
111.73470082699639,-0.6669990984587447,-0.49427448043326017,27.642182569150577,-0.396662316204589,4.818577138435496e-05,0.0001337093303800622,26.935619785362757
109.461963158174,0.07411101093986053,0.00791719177422416,28.000056556419167,0.24671001934710846,5.589883018545443e-05,0.0002285614472852699,47.97682679754818
109.41255581754741,1.2104798453510552,-0.49513272103348355,27.46589495340993,0.35373554259170714,5.43646047946855e-05,0.00025820582194787577,30.794028197768526
110.15366592694602,0.6669990984587447,-0.010601880844655001,27.16903502381882,0.5116003369107658,7.516855793751739e-05,0.00024634513915229383,49.76814302825384
109.51137049880057,1.704553251616792,-0.5198180953596043,27.404817600014894,0.570980762257988,5.39436909497386e-05,0.00026020105492346345,22.571756614373143
109.65959252068029,-0.27174037344615526,-0.4653469563354585,28.530329993919167,0.1694779410774325,5.2729146722697634e-05,0.00020227622551092754,28.67482470328592
110.89477603634464,-2.3962560203888237,-0.4927075810088564,27.641854034235507,-1.5514082893913175,4.6354260361168264e-05,0.00013259074790202078,29.13306621371262
113.61217977080618,1.1610725047244816,-0.5735901687346964,23.19203548195918,-0.004050282784450187,4.099924840676086e-05,9.793191624138166e-05,18.209749896964976
110.30188794882575,-1.556331229737071,-0.48335123384078976,28.817219340948498,-0.972816860234296,5.279499085159778e-05,0.00023010351529608876,29.879493895870137
112.52521827702157,0.9634431422181868,-0.5952553335474515,29.333965579374365,0.26028092260713925,4.703693359893134e-05,0.00016575804504446746,18.07798658951266
111.68529348636982,-0.9140358015916131,-0.6818427060693535,27.136971221735394,-0.7149275011486478,4.8232923534009536e-05,0.00011865548191592573,18.317371819648937
111.68529348636982,-0.27174037344615526,-0.1755144208891745,28.567171115639837,-0.25589565436045325,6.478964787652731e-05,0.00018300745269648555,46.18397684635048
109.85722188318658,-0.617591757832171,-0.5774939932855903,28.99952909210583,0.1452055404215683,4.82701907454371e-05,0.0002315123494271842,26.46807089136574
111.1418127394775,0.7164064390853184,-0.43328688701741414,28.643605215755542,0.1461647719512751,5.075170523466343e-05,0.00020210443210163465,26.493218336103766
112.62403295827471,1.5069238891104972,-0.6813464994046945,25.309596728101212,0.11520563084402201,4.375442279266414e-05,7.339243126067e-05,11.634036295522371
111.58647880511666,1.0128504828447604,-0.4317886102450381,27.52822315074775,0.17350400082858994,5.440656745582416e-05,0.00017856589171638462,26.630391995212346
110.79596135509148,-1.3587018672307762,-0.6352902528115791,28.39579946729873,-1.2315569439052068,4.5690195402672366e-05,0.00014434304229335806,14.55487434112704
109.56077783942715,1.556331229737071,-0.5135443642992865,27.124893796002425,0.5149128127981114,5.269830798505926e-05,0.00024223364301666507,24.746345381402175
109.2643337956677,1.556331229737071,-0.20802519062846928,27.76157939110277,0.9027347167332969,5.334656538992753e-05,0.000277804816250506,38.689786484388485
111.09240539885093,-1.5069238891104972,-0.7075884153050516,26.430343858695323,-1.0680897250587558,4.4147167235621594e-05,0.00012294487500183842,8.358433066101284
110.7465540144649,-1.1116651640979078,-0.7227640956943929,28.396739860817206,-0.5496262135329071,4.785468501131592e-05,0.00014753329882811434,13.307031244911018
110.0054439050663,-1.0622578234713342,-0.017900374226805425,28.255065960354386,-0.1709452661467187,5.616891023893431e-05,0.00026615565375534496,50.85621672762446
111.09240539885093,-0.07411101093986053,-0.3663835654098319,28.60555544723701,0.04387738528075042,5.256845270838877e-05,0.00022003149566591528,36.41733982545705
110.99359071759778,-2.0998119766293817,-0.4856508315922543,27.81694807358724,-1.3066686156355305,4.913286429176037e-05,0.0001836393205546989,32.954235023965154
113.5627724301796,1.0128504828447604,-0.7960655392098447,26.278663206689146,-0.2967763992003452,4.524758979982753e-05,0.00014664040514930312,15.018637607758373
112.27818157388869,0.17292569219300788,-0.35738503819868617,27.358783528834238,-0.1758092406355304,5.195310743212201e-05,0.00015610253610026062,33.91815890845878
109.75840720193344,-0.3705550546993026,-0.5448172921123102,28.702286374127425,0.161799567717093,4.928235583693365e-05,0.00020540371223708672,19.875310244894063
113.26632838642017,-0.02470367031328684,-0.7536797453404178,26.147213071658257,-0.47009288381647174,4.459605659684364e-05,0.0001154771537369236,12.23607550977103
110.4007026300789,-1.8033679328699395,-0.36566843527870535,28.47992550414284,-1.2786564929985704,5.285791595293662e-05,0.00019861161196301622,37.676381880899
109.16551911441455,-0.3705550546993026,-0.4235848909755369,28.47661001417373,-0.4055402941173977,5.1995396741283854e-05,0.00018107664121616137,26.38721461207125
112.27818157388869,0.8646284609650394,-0.01457947519028007,28.956536229451558,0.35531190736794177,4.857018549443093e-05,0.0001499857640894544,46.42569885979448
110.94418337697121,-0.9140358015916131,-0.7121805305497266,28.087275041179964,-0.5518227256374595,4.690118571420295e-05,0.00013729811095735095,17.912927685771827
109.75840720193344,1.4575165484839236,-0.6803534810565371,27.608159613903695,0.46335016209402213,5.255919954598931e-05,0.00025673614860340034,21.32446746144694
111.09240539885093,-2.4456633610153973,-0.3856038941829259,27.56220993701328,-1.4116181900471816,4.7984963609153794e-05,0.00015880075151226554,33.82134437250927
109.41255581754741,-0.32114771407272896,0.03163599891265732,28.38613632107962,0.0027298942024325235,5.888940856267193e-05,0.0002249449646398367,55.73556178043404
111.58647880511666,0.9634431422181868,-0.34075462480661967,27.52822315074775,0.17350400082858994,5.3738259276928194e-05,0.0001547218721133802,31.63487097195359
111.98173753012925,0.7658137797118921,-0.0674670510321476,28.96990368219076,0.32281181694548805,5.108068194053663e-05,0.000189770564598195,43.972781236182556
110.10425858631945,-0.17292569219300788,-0.22368001813271066,28.40240633458268,0.2849436468548245,5.8155596698275136e-05,0.0002081905651096994,37.457778492224264
108.96788975190826,0.617591757832171,-0.0021927371307832377,27.847269736396015,0.409443309277664,6.007203957478074e-05,0.0002340067044771575,50.74846432694464
109.31374113629427,0.27174037344615526,-0.08223171736490609,27.81075112142679,0.35685285668314237,5.304534274334096e-05,0.00021015042783488334,39.151229988050744
111.83351550824953,-0.5681844172055973,-0.34080726274647166,27.61831706953643,-0.3815745762836786,5.065171936293147e-05,0.00011914766624460478,31.41410653008084
109.75840720193344,0.32114771407272896,-0.16779156738940149,27.912958634929907,0.414644107406522,5.344444747634837e-05,0.00021808528023552735,41.37273540897488
111.29003476135722,0.17292569219300788,-0.2697216663300607,29.081909975593476,-0.1090111600028144,5.1828214106326024e-05,0.00023021870558096087,32.54285058088503
112.92047700203415,-0.32114771407272896,-0.518396991182233,26.9359229240888,-0.7010355981779687,5.0853148531189805e-05,0.00011820957163963888,22.253045775539942
112.52521827702157,0.3705550546993026,-0.569925391778903,27.34198605101784,-0.08666023648815392,4.8361064318885924e-05,0.0001519955335723712,22.293434779422054
111.04299805822436,0.02470367031328684,-0.31812454873385654,28.47578114168141,0.21898046687797265,5.9035847035846824e-05,0.00020745103782228663,39.59031931942004
110.30188794882575,-2.198626657882529,-0.16718549095761,28.06875953674313,-1.665764813069944,6.565049414637739e-05,0.00017721992150749677,50.30997621907646
111.09240539885093,-0.22233303281958158,-0.46503184626276267,29.075990318957736,-0.027817824740468716,5.457715578070714e-05,0.00021469797860301787,29.147333156509102
110.30188794882575,-2.0504046360028076,-0.11026102900931542,28.270654791372806,-1.6523566702265797,7.080362892411242e-05,0.0002529578725138639,52.992097911863745
113.80980913331248,1.1116651640979078,-0.5705525507166144,23.5708241827694,-0.06631744496616317,4.777225746503422e-05,0.0001031109710437807,25.288692540414456
110.15366592694602,-1.5069238891104972,-0.10194706637751226,28.875171091527193,-0.8233131288010398,5.484036047791998e-05,0.00024606922350228983,49.84674964932457
110.99359071759778,-0.8646284609650394,-0.7265604508928706,27.361565526326558,-0.6314585341347588,4.632015011149341e-05,0.00012912133728185788,13.261171341330876
109.2643337956677,1.704553251616792,-0.27324612918737706,27.88714302439746,1.141025008978667,5.201473995996481e-05,0.0002725671141422037,26.52617254139821
109.90662922381316,0.27174037344615526,-0.341625039663701,27.91245226918909,0.46789765799487076,5.461867647792618e-05,0.00021322983753250727,36.75374828553528
109.36314847692084,0.6669990984587447,-0.2638038056209373,26.73485352786969,0.14396373872403745,5.356749444436661e-05,0.00020772930887749357,37.82949112840001
109.36314847692084,-0.3705550546993026,-0.20915377670683788,28.335924732537933,0.03711303222326585,5.184250165295749e-05,0.0002145170915012878,39.12573078399928
110.79596135509148,-2.4456633610153973,-0.5408095674022493,27.607954656341917,-1.6127101918797435,4.693167943809164e-05,0.0001404841383655912,23.18829068332002
110.0054439050663,-0.7164064390853184,-0.47098167078695796,28.909896327831177,0.12884209038298808,4.948468224642948e-05,0.0002097749375115933,25.048621048801817
109.41255581754741,-0.32114771407272896,0.03163599891265732,28.38613632107962,0.0027298942024325235,5.888940856267193e-05,0.0002249449646398367,50.353779604981135
112.0805522113824,0.22233303281958158,-0.2365582387488724,27.747371009544054,-0.11677920229641009,5.975553760644774e-05,0.0001806670711543703,42.23951187297163
112.52521827702157,0.9140358015916131,-0.6199942564662757,29.089538616604216,0.2608324995747319,4.676102399068598e-05,0.00015779761813250262,21.68591612313525
110.7465540144649,0.8152211203384657,-0.2213107214970848,28.415626097314203,0.3435486996615375,5.657009124189191e-05,0.00022786939885735246,38.58222142975985
109.85722188318658,0.4199623953258763,-0.3688046774040201,27.812083345577946,0.5026522815963369,5.265430667232779e-05,0.0002235142639951309,26.667893043945405
109.41255581754741,1.1610725047244816,-0.39055611793139183,27.46589495340993,0.35373554259170714,5.432282545664352e-05,0.0002552782107928829,36.735525074264906
111.24062742073065,-1.2104798453510552,-0.5991252069898393,26.317379087283314,-0.9095708749912402,4.397921484974031e-05,9.706024069614666e-05,21.49522331109865
110.69714667383833,-1.1610725047244816,-0.6812092932253674,28.938533118919167,-0.7881440689534316,4.7094587150030954e-05,0.00016386536513896376,17.90969375832162
112.42640359576842,0.8152211203384657,-0.6262796454186985,29.264771303718476,0.2894534667332967,4.744179629988525e-05,0.00013541523929688168,17.706042877477355
109.41255581754741,1.1116651640979078,-0.33139608467221,27.15497433226784,0.25132608560868247,5.3620694198283145e-05,0.0002483584059469919,29.999926184250217
111.8829228488761,0.9140358015916131,-0.44756096648983146,28.914851478294167,0.2560566869782813,5.05554348850274e-05,0.00018277017934089396,25.311085174541056
112.42640359576842,0.617591757832171,-0.5105774361798299,28.866086649011663,0.16186060287334303,4.911770549582752e-05,0.00018964044917034578,25.86715105915311
110.35129528945232,0.3705550546993026,-0.19494289854610544,28.13289316907344,0.5896876608883891,6.646116492348325e-05,0.00024491662364037445,42.53171384898035
112.87106966140757,1.0128504828447604,-0.625545031336023,28.647053325323384,-0.19343031630103966,5.022756300667709e-05,0.00014587623359146892,18.112132593873405
112.37699625514185,0.46936973595244996,-0.3253016138309995,28.416005871619745,0.060079581943559064,5.212846329051743e-05,0.00016751756973334332,34.359249173262654
109.16551911441455,1.5069238891104972,0.032255534898810105,27.833872142838914,0.8296703600589139,5.6219219168748185e-05,0.00025395205865869877,51.1321256458285
110.84536869571805,0.8152211203384657,-0.26029514137107196,28.608373613710796,0.32434447753576584,5.540093938954123e-05,0.00020556880527910544,38.87354085039905
109.90662922381316,0.8646284609650394,-0.30916217470998725,24.06736100279261,0.1656982825126177,5.1209901380133996e-05,0.00016577480267150783,33.23507118445196
109.61018518005372,-1.0128504828447604,-0.06743751636946668,28.166358519189203,-0.877691685417552,5.4186212450950576e-05,0.0002584967078988293,51.40941508433669
112.821662320781,1.5069238891104972,-0.6811886901152591,25.88216677536201,0.09174175762835844,4.294666078367379e-05,0.00010873634167371426,11.912536013690646
112.47581093639499,0.17292569219300788,-0.8686383869263314,26.42893628249942,-0.2767297412142341,4.3729566020787065e-05,0.00015204033568944078,0.8890778415963041
110.84536869571805,-1.6551459109902185,-0.6813572550793455,27.585481662514837,-1.434454380730052,4.5657594837333415e-05,0.000122266761122766,20.055981210573684
110.69714667383833,-0.3705550546993026,-0.20541104244286396,28.160110327638222,-0.04301708568761378,6.227459025887591e-05,0.00018547217979974034,45.820295874110585
110.10425858631945,-1.3092945266042026,0.35313777425324544,27.598213143996304,-0.4073005178828299,6.588606670970255e-05,0.0002937312277579179,67.0251451460381
109.85722188318658,0.5187770765790237,-0.3169837470225074,27.45241899372627,0.45551656352149117,5.561335191061324e-05,0.0001968247660474755,33.62005908853751
110.84536869571805,-1.8033679328699395,-0.58368009647475,27.433834165408314,-1.484186730267089,4.422401485746963e-05,0.00016906031431626424,23.71000174875711
110.79596135509148,0.22233303281958158,-0.09674869324273734,28.554159324551847,0.4896254200994233,7.080766419772089e-05,0.00021950873608020185,49.85287185788319
110.69714667383833,0.6669990984587447,0.07036218736333243,28.16995130468291,0.43805975531354346,6.765092663624952e-05,0.00026331643633140594,53.71233148563727
112.52521827702157,1.3587018672307762,-0.537554526675719,26.17269713319382,0.15765068413298805,4.496862555896525e-05,0.0001312468753638333,17.17227749135732
110.49951731133204,-2.643292723521692,-0.40573723069898576,27.60286688628031,-2.008119293201117,4.6824852227853796e-05,0.00013758174236137776,35.002568757785866
109.95603656443973,-1.0622578234713342,0.06260372865940729,28.255065960354386,-0.1709452661467187,5.83409579022409e-05,0.00026202837785532746,51.7545455249469
109.11611177378798,1.3587018672307762,-0.21142319921327352,27.893294765331234,0.9026819703019696,5.402480630720732e-05,0.0002545287566959705,36.86057961562595
109.461963158174,1.5069238891104972,-0.5226437340175677,27.5397128305317,0.46951320583437706,5.434662985796997e-05,0.0002475314477275964,23.32212226254802
113.16751370516702,0.1235183515664342,-0.9501700414296876,24.366180085547228,-0.45353201142063854,4.155194462691766e-05,6.941846574179137e-05,4.9022342597643345
111.24062742073065,1.0128504828447604,-0.4309898650691649,27.927733663865126,0.0808322885890066,6.1025120070957814e-05,0.00021009664265012358,34.08378816182913
109.461963158174,0.27174037344615526,-0.19583593620408882,27.637293728486952,0.2722174400164757,5.215775583765628e-05,0.000206404013559354,34.57020249415603
111.1418127394775,-0.6669990984587447,-0.5851497344779725,27.007492296195323,-0.6293313459113792,4.6496234230351325e-05,0.0001325111020082581,19.173851169885726
112.27818157388869,0.46936973595244996,-0.44081702339147105,28.393981975979273,0.10198436107164548,4.7755957153701295e-05,0.00015492517701338495,26.176063304408732
109.95603656443973,-0.4199623953258763,-0.30992826929058387,28.750924611974654,0.18375564651724735,5.1842627299018986e-05,0.00019409034812981518,36.5428087805135
111.09240539885093,0.02470367031328684,-0.32942170924288117,28.652436475400577,0.1259071282398554,5.4600376754901866e-05,0.00018495058230035723,37.025828538479374
112.22877423326211,1.1116651640979078,-0.18083462890053092,28.38018953770768,0.30478911488144483,5.066474929827822e-05,0.0001605406616032544,38.89925120024075
113.01929168328729,-0.27174037344615526,-0.6768752592019044,27.018686595963914,-0.6596989734673206,4.9763744640044475e-05,0.0001419494359717361,19.861629998779268
113.36514306767332,1.2598871859776288,-0.4591318935106293,24.390853359081177,-0.0625490892080613,4.420423891339345e-05,8.388850526447457e-05,25.697721760700897
110.4007026300789,-2.0998119766293817,-0.22271549857054018,28.336789774011663,-1.6712700334596047,6.609675718075063e-05,0.00022048780566106594,49.445288710773454
110.25248060819918,1.0128504828447604,-0.23039621962353482,27.010301420423787,0.3562349699161671,6.461227907645388e-05,0.00023628433783536959,40.74143719904986
113.5627724301796,0.6669990984587447,-0.7257528895282653,25.714164870462355,-0.4811628527111477,4.55290644823289e-05,0.0001237157805035644,13.799099911359713
109.11611177378798,1.0622578234713342,-0.3337917540400405,27.59361666926634,0.5988105329466454,5.491915475685737e-05,0.000252565559553115,33.18379465691347
111.19122008010407,-1.0622578234713342,-0.7432795334674801,26.083193974436085,-0.8227005166771972,4.298463097673281e-05,0.00011378587697738547,12.328235968562105
113.26632838642017,0.22233303281958158,-0.4812131193910341,23.42267302053949,-0.448931015568015,4.335440719779527e-05,0.00010464715067387065,20.738448706169923
109.95603656443973,-0.7658137797118921,-0.41534894089662244,28.818458128564146,0.08319683575335841,5.0127391161618134e-05,0.00023858092437361106,28.02934981819647
111.93233018950268,0.22233303281958158,-0.33015987066040864,28.23847946826328,-0.11118129889170326,5.3364540744962716e-05,0.00018564726363908937,27.89989109101708
112.0805522113824,0.4199623953258763,-0.3000401428877671,27.860585949744802,0.07625465187025658,5.603559560824347e-05,0.00018274111450413885,35.604131696529166
109.461963158174,1.2598871859776288,-0.5646878949090868,27.49572532088672,0.36943589463646026,5.187935149070763e-05,0.0002156817116601015,21.620546480658973
111.19122008010407,0.22233303281958158,-0.4398426435702024,28.999523063942206,0.052079455352123875,5.1298603759965826e-05,0.00018728800986540412,30.389847841682467
110.49951731133204,0.22233303281958158,-0.1398702956702275,28.1803046756321,0.5191069076090683,6.856660178768687e-05,0.00025298019969939643,42.52629541542285
109.90662922381316,0.5187770765790237,-0.30161650120121486,27.45241899372627,0.45551656352149117,5.5897198568066256e-05,0.0001816967493494498,34.32247087962366
110.64773933321176,0.7164064390853184,0.13671951784028682,27.758514069922228,0.46224097999525665,7.118784359618634e-05,0.0002460912636630468,60.21911799059551
112.62403295827471,0.5187770765790237,-0.35954203856802935,27.989302312591917,-0.008985088195329843,5.327457229873753e-05,0.00016982073971231074,30.25230148109376
113.2169210457936,0.3705550546993026,-0.8759229652786304,25.479735616990126,-0.2233202118932465,4.5176766612831134e-05,0.00014639100212430591,4.897822448681361
109.16551911441455,-0.17292569219300788,-0.340219033243871,28.740381353872806,-0.16830643753946561,5.049217570198301e-05,0.0002348432806464598,32.5844110113939
113.61217977080618,0.8646284609650394,-0.7528104463706341,26.816619538672228,-0.3829173497211786,4.214440760819677e-05,0.00013021835236051637,13.840468622118713
113.31573572704674,1.3092945266042026,-0.5890169359360151,25.135232096542552,-0.11486224627789156,4.35133330608953e-05,9.189374194301619e-05,17.923085357189777
113.31573572704674,0.6669990984587447,-0.6354291686400099,26.68661917698239,-0.3929323899893113,4.399155937067043e-05,0.00014851341798394053,16.12312132943041
110.45010997070547,0.07411101093986053,-0.10888682407636038,28.147840000670726,0.4686820727807504,6.941855864834254e-05,0.0002300001903299467,48.55534919961484
109.461963158174,-0.6669990984587447,-0.35038226558606056,28.520308171966917,-0.22786921483499029,4.920564010659148e-05,0.0002261264597839674,32.44461238297247
110.49951731133204,0.17292569219300788,-0.033663105026467854,28.1803046756321,0.5191069076090683,7.088895509810918e-05,0.0002670227844583032,48.26435201519
110.94418337697121,-2.000997295376234,-0.51335488738052,27.744845209003984,-1.4015172484480305,4.956111111862797e-05,0.00015356880752993667,30.325649897227404
113.16751370516702,0.5681844172055973,-0.730193871522783,24.80444566232194,-0.3380128056914718,4.863041235047015e-05,0.00014331775768694653,14.651294299566587
111.53707146449008,-0.8646284609650394,-0.5752676723197798,27.442403199937644,-0.521476196654049,4.743613750039001e-05,0.00010871967818108474,15.012167516235573
109.31374113629427,0.07411101093986053,0.12668901850882558,28.291500181033314,0.34798542805659916,6.593843491816289e-05,0.00023160967019166735,60.43032811528162
111.8829228488761,-0.6669990984587447,-0.705142339501143,25.66547237914284,-0.5597829156451755,4.468208631046128e-05,9.689587569598322e-05,8.067140503398878
110.15366592694602,-1.2104798453510552,-0.07437695074216973,27.642010766488568,-0.2305193462489564,5.049258329181958e-05,0.00019263664087329707,38.755717006011935
112.96988434266072,0.9634431422181868,-0.6707999096958659,28.37042692678955,-0.26326960545999034,5.021325597448606e-05,0.00016087529015961822,19.01299885900762
109.61018518005372,-0.07411101093986053,-0.03640380641763134,28.429656648047228,0.12534575550644486,5.5715662473714325e-05,0.00021865656479211915,48.92995021601287
112.87106966140757,-0.27174037344615526,-0.4808714436436488,26.9359229240888,-0.7010355981779687,5.047529507916523e-05,0.00013604704783041997,29.874257538756467
111.24062742073065,0.5681844172055973,-0.4549035008159778,28.444428662900577,0.12902594937218562,5.178610192132622e-05,0.000204236571979837,24.97735283250837
109.85722188318658,-0.02470367031328684,-0.4259701301241425,28.25717280352552,0.33375368736408373,5.03903381951344e-05,0.00020714155895513507,35.973945367600315
110.79596135509148,-2.495070701641971,-0.35190016356970066,27.563099091141396,-1.6291128249815952,4.7767479566566104e-05,0.0001383268545914543,36.79354080048918
110.10425858631945,0.1235183515664342,-0.16111803798165691,27.979476405956177,0.4225967622097628,5.8567571145750645e-05,0.0001994901742414221,43.837258206288354
110.0054439050663,1.1610725047244816,-0.21372782990247352,26.269180905377425,0.16004311155389855,6.240971496890208e-05,0.000246804375861581,41.25303802095565
112.87106966140757,0.17292569219300788,-0.7571381016483224,24.9113702138265,-0.40000870051207366,4.22604102740582e-05,0.00010024999976618636,13.276730819930687
110.94418337697121,0.6669990984587447,-0.2129481732186505,28.68048250645768,0.33267163200142946,5.7703077394253515e-05,0.00021824940015488091,36.55771096524994
111.8829228488761,0.1235183515664342,-0.45095617123020143,28.38240187374157,-0.1696899010811323,5.4050729266206673e-05,0.0001700114279796204,30.055885297824993
109.70899986130686,0.1235183515664342,-0.32957998253543447,28.0674333407556,0.2880639750280498,5.3981638601599854e-05,0.00021025338343053454,29.85569119856118
110.45010997070547,-0.5187770765790237,-0.06653959190726892,28.317143988903695,-0.05530549714594712,7.220293570051171e-05,0.00023456601626153738,56.19141936799255
111.19122008010407,-0.22233303281958158,-0.4378801813730729,28.782593569343533,-0.1265403061737249,4.9211541187155955e-05,0.00017332373747978015,28.947331906936938
111.68529348636982,-0.46936973595244996,-0.7459819405298951,27.528168897275634,-0.25112511640713536,4.648929547037687e-05,0.00013958868371791524,13.141484113857912
110.69714667383833,0.3705550546993026,-0.16782718614461753,28.23836794723701,0.5314247063648553,6.701337602936561e-05,0.00024350459174243084,42.987406750681096
112.22877423326211,0.7658137797118921,-0.3069751908832851,29.081674877213914,0.34096337100605895,4.780211176810623e-05,0.00016760414157629083,32.85850814470679
110.99359071759778,-2.5444780422685445,-0.42551711483847077,27.59271244472933,-1.507792265326889,4.76091018137995e-05,0.00013504933985673126,27.78887695645421
112.47581093639499,0.46936973595244996,-0.34762923477742846,28.219551034621247,0.015760523301583756,4.946928963527102e-05,0.00015529508749702193,31.21194921933093
110.05485124569287,-0.22233303281958158,-0.261868574787014,28.40240633458268,0.2849436468548245,5.057741590388331e-05,0.0002090702667333664,38.11175327285356
110.7465540144649,-1.704553251616792,-0.5579127826382059,28.152951883386663,-1.4028193317813633,4.7804398531486714e-05,0.0001481057501836214,23.81385623622006
112.47581093639499,1.4575165484839236,-0.703461448529558,25.216555037321882,0.10019701057010223,4.5440035594050506e-05,0.00012895366251066708,15.880190786395719
109.01729709253483,0.9140358015916131,-0.269116373491606,27.58131620148083,0.6719366782977256,5.4363699594638704e-05,0.0002461006577410243,36.260186730627886
109.36314847692084,0.7658137797118921,-0.35228322017814506,26.551100031534872,0.13134980643237076,5.513771933614834e-05,0.00023202933847959586,33.10925562625901
111.98173753012925,-0.8152211203384657,-0.732580802176795,26.08492104330179,-0.7527466924102219,4.695058988322358e-05,9.203720504752193e-05,10.352242220732126
110.79596135509148,-0.22233303281958158,0.022279243852329645,28.10903671170462,0.19231036415806527,6.313547798244163e-05,0.000222669476757523,54.307463875579764
112.22877423326211,0.9140358015916131,0.18466905721997878,29.2875909169515,0.37772612660019483,5.194955292863216e-05,0.00017459805432393845,59.44798479854301
111.29003476135722,0.5681844172055973,-0.40076138970598707,28.441393482537933,0.07878723409440783,5.345615646069162e-05,0.00018216943116031335,28.854315175039556
112.77225498015443,0.6669990984587447,-0.7347510995542866,28.513508403448384,-0.08738135555644096,4.646112292850453e-05,0.00017105380488066567,13.084866753338487
109.90662922381316,-0.9634431422181868,0.3696782507550486,28.440893144960853,-0.10481857223275266,6.25413423489428e-05,0.0002418689306210341,67.74319395070285
111.19122008010407,-0.7658137797118921,-0.7881195225981569,25.542696771503927,-0.6162977027304379,4.2258229593426974e-05,0.00010125804614453094,8.634269403693773
110.45010997070547,0.7658137797118921,0.015091295866747869,27.75752846517679,0.389740256615627,6.784295071677724e-05,0.00025641095213479065,51.89199631540681
110.05485124569287,-0.07411101093986053,-0.28383027658917476,28.420493839405253,0.3388633095187905,6.240122014885624e-05,0.00021582707430572784,37.59457919468394
111.04299805822436,-1.40810920785735,-0.723171121667294,27.2302480108944,-1.2072732404426292,4.4878344125393566e-05,0.00010538032169876697,14.987739933202846
110.79596135509148,-0.4199623953258763,-0.2704716662816003,27.770841664443765,-0.059742979061456376,6.135020699064217e-05,0.00018336634431170932,36.58432471753089
110.64773933321176,-2.1492193172559553,-0.48590703346494657,27.92220885194382,-1.6135933178442494,4.894669153665576e-05,0.00015176160497550278,25.62362434906781
112.17936689263554,-0.02470367031328684,-0.4068072473073528,28.232939585932968,-0.3011656558072126,4.8488008195583766e-05,0.00014094834621216327,26.105004686376528
109.21492645504112,0.1235183515664342,-0.023517706011317085,28.492042112939146,0.41804323814533384,6.171550113504229e-05,0.00022896110748657134,49.35825909797869
110.25248060819918,-0.8646284609650394,-0.33733495354942816,28.568792691642898,-0.16068909933537612,5.057957803052625e-05,0.0002010512070143557,29.418075896099317
113.36514306767332,0.46936973595244996,-0.8240425791614946,25.139680881264837,-0.32977381311816933,4.186901878691825e-05,9.639822489018735e-05,12.451721174321937
112.37699625514185,-0.3705550546993026,-0.32236717310375224,27.92777284692835,-0.5298877454098361,5.283427691801339e-05,0.00016622961105950939,32.94905231582492
111.09240539885093,-0.617591757832171,-0.6156140915989835,27.034429145153638,-0.5160636592794348,4.795712123991724e-05,0.00012998937412977691,25.88580091722877
111.78410816762296,-0.07411101093986053,-0.32588897071183676,28.75829102786969,-0.23413473735620952,5.399657997998018e-05,0.00016533296781026525,37.546461793561946
111.24062742073065,-0.617591757832171,-0.6457850281959849,26.61640312759971,-0.5184229318006539,4.5491487935788164e-05,0.00012351374322809664,17.682547576320456
110.94418337697121,-1.40810920785735,-0.6488131620511258,27.97371046749157,-1.2624866977150058,4.706262599257685e-05,0.00014599801878305968,20.86668808712868
112.87106966140757,0.27174037344615526,-0.6074431938718077,26.892309160585796,-0.2596896298137712,4.596941089409509e-05,0.00012921920167398488,13.885114867303308
111.48766412386351,-0.7658137797118921,-0.49929398818423276,27.750225344999308,-0.4458212366810553,4.835671114037888e-05,0.0001295909068817805,21.664259857688265
113.2169210457936,1.0128504828447604,-0.8724804518404371,27.151496081881987,-0.3110865060194039,4.461604714883119e-05,0.00011580244510373233,5.2613702585642725
110.64773933321176,-1.1610725047244816,-0.6105284786115818,28.9987725575765,-0.5946452926706385,4.729141373789315e-05,0.00015478427000693604,21.402791294807567
111.33944210198379,0.1235183515664342,-0.1698512268851717,28.88461420977552,-0.12984600037704278,5.483061949771638e-05,0.00023559877472159124,42.925334473390286
110.49951731133204,0.5187770765790237,0.043507088372346944,27.761582405184583,0.5672063783363059,7.48428999928543e-05,0.00023052210456929795,56.53109221676866
110.54892465195861,-0.27174037344615526,0.08852235105453583,27.64046755661201,0.11622439048908377,6.214902735602927e-05,0.00019880562848694684,57.33281867913803
110.99359071759778,-1.5069238891104972,-0.7742145176717632,26.62894773601016,-1.1814681791964874,4.271657747905673e-05,0.00011829115759005809,14.73731620222687
110.15366592694602,-1.704553251616792,0.8321768833997364,28.579622287514837,-1.2103084208052832,8.048500577379313e-05,0.0002867196877100756,97.62248469396975
110.59833199258519,-0.17292569219300788,0.1961683858766012,27.611848850014837,0.20637180922943868,7.2280928941629e-05,0.0002637777899013783,64.26849911029329
110.79596135509148,-0.9634431422181868,-0.5210898158742568,28.091084840562587,-0.5393700467215644,5.005262769457224e-05,0.00016752135897099573,22.515022115042942
112.57462561764814,1.5069238891104972,-0.6698259055912266,25.309596728101212,0.11520563084402201,4.4446272743117426e-05,9.02576560109026e-05,18.908625441219456
110.35129528945232,-2.7421074047748393,-0.35601622425898355,27.54695566907344,-2.8490262605525833,5.217875202662886e-05,0.00014923522457115757,38.50981538843213
111.29003476135722,-0.8152211203384657,-0.6178722180036632,26.642945131843476,-0.5587867616135397,4.7986829342635925e-05,0.00015142488974358837,23.26637987277045
110.05485124569287,0.5681844172055973,-0.13378441631645752,27.55430400047777,0.5200540828116148,6.757562104664502e-05,0.0002225961947980269,49.05182403855468
110.94418337697121,-0.17292569219300788,-0.27356361431427095,28.243012647275577,0.12239873703615164,5.9471357488097244e-05,0.000217769456479697,40.79667391216417
112.42640359576842,-0.22233303281958158,-0.6430893855411406,27.49879365614902,-0.5940274059036631,4.9366747281765074e-05,0.00013619687529939118,21.476896841026658
109.21492645504112,0.617591757832171,-0.24500684484354918,27.641145725014837,0.15325389232164546,5.38096514247581e-05,0.00022767449677074084,38.5421290849288
111.48766412386351,-0.8152211203384657,-0.45944307187091465,27.750225344999308,-0.4458212366810553,4.821768070063688e-05,0.0001255278811788931,31.288347141989668
111.8829228488761,-0.6669990984587447,-0.705142339501143,25.66547237914284,-0.5597829156451755,4.468208631046128e-05,9.689587569598322e-05,10.738365025123588
110.30188794882575,-1.0622578234713342,-0.4843431802097221,28.821824857923787,-0.2583747366328298,5.0131121796886614e-05,0.00019513696675203,31.882039588152672
109.31374113629427,1.3092945266042026,-0.4607567041209015,27.658045681611952,0.5116884988031271,5.3060960819496716e-05,0.0002434749710930785,26.7403062528414
112.32758891451527,1.0128504828447604,-0.4179684674221117,28.93296309577096,0.3696920915886207,4.790833112914942e-05,0.00016318423966930554,27.090315854018176
113.71099445205932,1.1610725047244816,-0.9338511256395757,24.049828089019456,0.027659364688543638,3.997920029443984e-05,6.191247789943674e-05,6.561142024680284
109.11611177378798,-0.32114771407272896,-0.4250324534633846,28.669646882422228,-0.31904066786353974,4.959670352525712e-05,0.0002572547959226268,33.165602992794454
110.10425858631945,-0.7164064390853184,-0.4698077089931742,28.97319204542373,0.09100330758977819,5.203930029284396e-05,0.00023771346679904215,30.90762270359893
110.49951731133204,-0.46936973595244996,0.07479142725303792,28.317143988903695,-0.05530549714594712,7.665595246524e-05,0.00022156159829134559,58.94525236915944
113.41455040829989,0.27174037344615526,-0.7516522685442564,25.0627374013265,-0.30099762074741315,4.2065561630496997e-05,8.054553641183927e-05,13.058729769701483
110.35129528945232,-1.3092945266042026,-0.5331700441240103,28.778602925053463,-0.4714341502130768,4.831574080467759e-05,0.000186563253316394,26.231993874529017
112.92047700203415,0.02470367031328684,-0.6694644326357733,27.399886562206177,-0.6435216429792805,4.648132934073617e-05,0.00016455090480381465,21.05465019964906
113.66158711143275,1.0128504828447604,-0.707931624346976,24.810386417530196,-0.2544262894877681,4.340373505896575e-05,9.271124564261905e-05,18.4757903750656
109.36314847692084,0.6669990984587447,-0.2638038056209373,26.73485352786969,0.14396373872403745,5.356749444436661e-05,0.00020772930887749357,37.233903498911936
111.58647880511666,0.07411101093986053,-0.24627734343342064,28.81822001610277,-0.22061658052750577,5.4433433017375055e-05,0.00020678986938200438,41.257101672115034
110.05485124569287,1.0622578234713342,-0.3878235701347874,25.53404032860277,0.18647811589417632,5.1592542161111175e-05,0.0002091495024603445,28.163842688410003
109.0667044331614,1.3587018672307762,-0.23043680261503724,27.893294765331234,0.9026819703019696,5.2926278217492015e-05,0.00026775463749493356,36.5132362926419
112.67344029890128,0.5681844172055973,-0.41758587995749513,28.13199195861813,-0.0024189110155458915,5.129342980116992e-05,0.0001990364122635584,26.309136306611876
109.41255581754741,-0.1235183515664342,0.48075981023091297,28.47393953770768,-0.02457165865250576,6.639622043820211e-05,0.00023765607736361005,73.79866614975782
109.61018518005372,1.6057385703636446,-0.4569381161270602,27.124893796002425,0.5149128127981114,5.330350304430499e-05,0.0002261381358315434,34.916637467123024
111.29003476135722,-1.1610725047244816,-0.6093094076093419,26.327211022082736,-0.6828908258014255,4.7392848203036104e-05,0.00013466529010523187,19.260154582834772
111.09240539885093,0.6669990984587447,-0.4290220780570357,28.643605215755542,0.1461647719512751,5.08688518062096e-05,0.00019957292497872466,29.46774481550816
110.79596135509148,-2.791514745401413,-0.4311612221781306,27.52459118219076,-2.6006289985444817,4.905188527208954e-05,0.000145445422853169,30.785665180067824
109.65959252068029,0.07411101093986053,-0.33749568016063103,28.0674333407556,0.2880639750280498,5.417937764976774e-05,0.00020151483865899899,30.926715080753898
110.7465540144649,-2.297441339135676,-0.4697232836113404,27.706050962283257,-1.494633537751657,4.718739647960706e-05,0.00013455567454274717,30.58641992737534
112.22877423326211,0.46936973595244996,-0.3402798836449401,28.3134999640194,0.1300658075897782,4.849988539604355e-05,0.0001361198511823523,31.217617881801274
112.821662320781,1.2598871859776288,-0.5476343498226933,26.12514999295462,0.03512599880312696,4.3661381090436e-05,0.0001119375839145654,25.743944103674025
110.49951731133204,0.07411101093986053,-0.1362560277601965,28.147840000670726,0.4686820727807504,6.480740664971724e-05,0.00023427073416516837,44.83093488277282
111.48766412386351,0.7164064390853184,-0.29957000489828195,28.845337709968476,0.10612194184903745,5.3974211975314765e-05,0.0001968436192845828,35.70218698592299
112.12995955200897,0.02470367031328684,-0.3174366014818885,28.171081585354273,-0.2761902205738021,4.94159749001366e-05,0.00016425579694625783,37.3864835106924
110.94418337697121,-1.5069238891104972,-0.6970326211978964,27.069103142067263,-1.288482399634373,4.326414959179493e-05,0.00012771800201641798,20.32456679098823
110.99359071759778,-0.617591757832171,-0.6382024294070464,27.580942455338857,-0.44738403808923416,5.117553347618391e-05,0.00015871591346942413,21.181083969294445
110.45010997070547,-1.6057385703636446,-0.5614390290514282,28.771586142646015,-1.1251523215093728,5.0094902673330274e-05,0.00020178603184492868,24.602294033707963
112.67344029890128,0.32114771407272896,-0.23970660787568268,25.286231566064146,-0.25152297520343164,4.9788605693682125e-05,0.0001433332035759612,40.363603225110154
109.36314847692084,0.8152211203384657,-0.3068268645524016,26.551100031534872,0.13134980643237076,5.924764761176353e-05,0.0002211925891668282,38.34839706700116
113.41455040829989,0.8646284609650394,-0.731679174840823,26.23101358766911,-0.3726378237759626,4.745074402008531e-05,0.00012712607853935598,15.675382836998116
110.59833199258519,-2.791514745401413,-0.34465659755526773,27.420873613710796,-3.622667964593863,4.7244947997600285e-05,0.00013875071520367836,37.9954649904833
113.06869902391388,0.9140358015916131,-0.6613077197347372,28.214981686627482,-0.3341577950819039,4.862855632615565e-05,0.00019234225969055587,16.74800127980186
112.52521827702157,0.9140358015916131,-0.6199942564662757,29.089538616604216,0.2608324995747319,4.676102399068598e-05,0.00015779761813250262,22.45225891825967
113.11810636454045,1.3587018672307762,-0.7391802348238568,25.358879979451558,-0.04857053138591626,4.2709046394098985e-05,7.887403471078675e-05,13.779073949513329
112.32758891451527,0.6669990984587447,-0.596200460110716,29.24866103655029,0.2696833507514294,4.774067057371705e-05,0.00019616295462822269,21.851919765502466
111.68529348636982,0.27174037344615526,-0.4090124831368267,28.679418535585796,-0.10598577540597798,5.0018416655687316e-05,0.00016945592064008044,26.691335169157906
112.12995955200897,0.6669990984587447,-0.44264154979109144,29.10111570476022,0.298066958969022,4.784391762517037e-05,0.00018564519747331728,25.397547947528682
110.15366592694602,-0.5187770765790237,-0.27467367902968026,28.64273113203643,0.15076652132434612,5.5489856430331774e-05,0.00022170591881917875,35.10519297622823
110.4007026300789,-2.4456633610153973,-0.515854673904544,27.81529032860277,-1.7053924534055924,4.863006060413712e-05,0.00011408635922202317,26.017161038242378
109.80781454256001,-0.1235183515664342,-0.4416213837837096,28.487415497391396,0.26336131419664544,5.0995608112530054e-05,0.00021080180221305793,27.999176453478405
113.2169210457936,0.7164064390853184,-0.6667077250974844,26.709218762244745,-0.37575438434695024,4.843878187567265e-05,0.00017238805429249483,18.414887669454505
109.61018518005372,-1.1610725047244816,-0.37902464697066135,27.868078957074943,-1.830384164680669,5.3028554811031563e-05,0.00022753603463997996,33.92026850149845
110.69714667383833,-0.6669990984587447,-0.6512417570936156,28.64059113396536,-0.2063592201397743,5.0235823095752325e-05,0.00018848529260977586,14.373386471237051
112.67344029890128,0.7658137797118921,-0.47838400696804556,28.728418463247806,0.0018754020149324968,4.669535263076993e-05,0.00016621328899029238,28.828246298174488
112.52521827702157,0.6669990984587447,-0.45596098213973013,29.01191395418141,0.20880115915227823,5.05098348282596e-05,0.00016755829878916309,25.198207112230996
110.64773933321176,0.7164064390853184,0.13671951784028682,27.758514069922228,0.46224097999525665,7.118784359618634e-05,0.0002460912636630468,59.49094790999828
111.63588614574324,0.7658137797118921,-0.435551997555712,28.680871323008546,0.16141075116616707,5.414179641297399e-05,0.0001766635380365371,26.225714095962914
112.87106966140757,-0.07411101093986053,-0.39281053172580904,27.637821192800345,-0.7303633675163175,5.158260554441781e-05,0.00014553033497961146,34.56128141595307
110.94418337697121,-2.495070701641971,-0.43900310443808416,27.665583900169054,-1.5777536247983392,4.620784722760191e-05,0.0001380141194971488,31.855847549090598
109.41255581754741,0.9140358015916131,-0.4531059483576808,26.502184498162933,0.12620250825528748,5.0735605347709217e-05,0.0002357589843431119,25.383851078149252
112.62403295827471,1.0622578234713342,-0.5818530361494373,28.55538906992217,0.11855502923329671,4.6731120899971326e-05,0.00013330805731243199,11.599654666796678
110.05485124569287,0.6669990984587447,-0.11251681794969046,27.362400426982333,0.45005730787913006,6.559406990857072e-05,0.00022623353074395226,49.902906680159205
110.10425858631945,-0.3705550546993026,-0.48414768840535544,28.70989090248389,0.18322818220397574,5.004618400210983e-05,0.0002254765512206819,22.352632965330468
113.16751370516702,0.617591757832171,-0.7341707605314103,24.80444566232194,-0.3380128056914718,5.0200919628090476e-05,0.000153698090998667,19.191147141479767
112.37699625514185,1.0128504828447604,-0.5968564222340816,29.237511948008603,0.32248403555081223,4.9608114011769606e-05,0.00017325261401773438,18.071829770282253
110.35129528945232,-1.704553251616792,-0.2846369171823164,28.787048382229273,-1.1622880697250366,5.104141823143332e-05,0.00020772015360849327,39.57290510255374
110.54892465195861,0.8152211203384657,0.04676316391101277,27.75752846517679,0.389740256615627,8.391051787882773e-05,0.0002347748579034776,68.35122083229776
112.92047700203415,0.5187770765790237,-0.6168152239704667,27.794390685470034,-0.19257281003174964,5.1091867773801414e-05,0.00015080255839444392,20.969723845475443
111.09240539885093,-0.7164064390853184,-0.38325309029763005,27.007492296195323,-0.6293313459113792,5.1840132777920134e-05,0.00015142800689974903,34.719582694389175
112.0805522113824,0.02470367031328684,-0.3312167842601164,28.171081585354273,-0.2761902205738021,5.424856011166013e-05,0.00018831331364795224,39.28658135670254
112.32758891451527,-0.617591757832171,-0.6914410191120118,24.74483315267679,-0.5382804561544348,4.680525032845024e-05,0.00010229992507136675,16.063677263742857
110.7465540144649,-0.617591757832171,-0.5448202311674168,28.797826738710796,-0.14557423267835454,5.393329139920071e-05,0.0001623229518713981,23.014329057339985
110.79596135509148,-2.6927000641482657,-0.46295319228058746,27.509629280184583,-1.957560331733139,4.9863361195751226e-05,0.00013386841028567228,30.358877418135886
110.4007026300789,-0.9140358015916131,-0.5176688777229467,28.693087396503984,-0.23426509639363233,5.1011649612195e-05,0.00018647428316648787,23.771391097844905
112.77225498015443,0.5681844172055973,-0.4773920545516517,27.96572013666605,-0.10502503683537612,4.939773386112128e-05,0.00019007627356788039,25.86616726794428
111.29003476135722,0.1235183515664342,-0.2724454603450872,28.88461420977552,-0.12984600037704278,5.255463171732998e-05,0.0002400957132194766,38.0521613446142
110.10425858631945,-0.9634431422181868,-0.38572434118470733,28.864287242183025,-0.09703696657110143,5.259111580117777e-05,0.00021747152920959602,31.97835806007642
112.03114487075582,-0.27174037344615526,-0.21783702179662054,28.163130437591974,-0.3332354860541262,6.292034101185841e-05,0.00019224222703700947,40.79911010063145
110.89477603634464,0.6669990984587447,-0.30995575766543154,28.68048250645768,0.33267163200142946,5.371806846426817e-05,0.00021817577806464635,33.63775749071079
112.92047700203415,0.7658137797118921,-0.7335142712480386,28.678240029605774,-0.21056612479833903,4.8911225158109056e-05,0.00017537763472378807,13.185921213037862
110.15366592694602,-1.7539605922433656,0.37587912821961894,28.45201812084821,-1.3268584425066725,7.352583956290106e-05,0.0002939398622615013,71.75914694457323
109.31374113629427,0.02470367031328684,0.19516513331033528,28.51124181394232,0.1942770525261208,7.236929219937235e-05,0.00026565595937498045,63.850481704883606
112.12995955200897,0.3705550546993026,-0.3077550598263091,27.860585949744802,0.07625465187025658,5.694545429959421e-05,0.00016159046271448755,40.343436221840314
110.2030732675726,-0.02470367031328684,-0.20132258724960894,28.318967508386663,0.39460121702264844,6.205732900387985e-05,0.0002306603029850322,39.47852936006886
109.2643337956677,1.5069238891104972,-0.2437968879988927,27.507432014559583,0.6426714511565221,5.2012555328450464e-05,0.00026281658591428494,33.89855924976836
111.8829228488761,0.7658137797118921,-0.46211555682587874,28.862445638209238,0.2829385289439448,5.171702358824781e-05,0.00019260499200119828,25.873803342611495
110.2030732675726,0.7164064390853184,-0.13087346254236856,27.16903502381882,0.5116003369107658,6.657118369206885e-05,0.00025270796619552183,49.63078276288678
112.77225498015443,1.0622578234713342,-0.6481713102461869,28.53044754310889,-0.06966985743722798,5.027471337027688e-05,0.00016639045772114648,16.002708841717695
113.2169210457936,0.7164064390853184,-0.6667077250974844,26.709218762244745,-0.37575438434695024,4.843878187567265e-05,0.00017238805429249483,15.999505351100819
110.49951731133204,-1.5069238891104972,-0.5204650970585281,28.80231169241449,-0.9774171025664719,4.825592037053074e-05,0.00014650258563823557,20.552387176122952
109.461963158174,-1.2598871859776288,-0.4960708700533395,27.731049756650634,-2.601460131598108,4.77546352140651e-05,0.00020832461431004963,28.964048351413894
110.10425858631945,-0.02470367031328684,-0.30725109293220615,28.230308292530196,0.3865023792525868,6.577739688997384e-05,0.00022435256212540269,42.194752885136865
110.30188794882575,-2.000997295376234,-0.017044932932606137,28.42639541155029,-1.529760400454203,7.014959401478119e-05,0.0002614457583621119,55.9403803741137
109.31374113629427,1.2104798453510552,-0.5001225271804711,27.487855553332736,0.4331867385793615,5.247943926340247e-05,0.0002200217463219957,24.34888796517569
109.31374113629427,0.8646284609650394,-0.3718903041315557,27.065540497391282,0.15270758999718564,5.494521934088311e-05,0.00023698894947628168,33.130716810080756
111.53707146449008,-0.27174037344615526,-0.060688390664598336,28.50267277941299,-0.29980404435852426,5.913209378057464e-05,0.00020275494835548773,53.24867519008668
110.25248060819918,0.617591757832171,0.034099262805140654,27.627473850014837,0.5666028084578337,7.471975739821155e-05,0.00023475452496457387,57.46225554823982
110.99359071759778,0.6669990984587447,-0.2551728125393362,28.609663640716974,0.23431008686254057,5.418484887081841e-05,0.00019989625934729846,36.22610920301742
111.8829228488761,-0.7164064390853184,-0.8119788366714868,25.66547237914284,-0.5597829156451755,4.655637424633226e-05,0.00010649546435861402,7.483426010357101
113.16751370516702,0.46936973595244996,-0.7821136180253583,24.537835057576558,-0.25987725640520637,4.3203997404526815e-05,6.178432210509114e-05,11.801273323472977
110.89477603634464,-1.3587018672307762,-0.6962829948158122,27.97371046749157,-1.2624866977150058,4.827768847487188e-05,0.00013357702885142536,15.802524601580384
109.51137049880057,0.32114771407272896,-0.18110730863307353,27.637293728486952,0.2722174400164757,5.2560971095303114e-05,0.00018657535019394315,41.604772367697755
110.25248060819918,0.4199623953258763,-0.0702057817292583,27.977680013209238,0.6036511483015837,7.215905823833426e-05,0.00022728929365763357,51.449770901208446
110.79596135509148,-1.7539605922433656,-0.6224977414413303,27.433834165408314,-1.484186730267089,4.6459826991393745e-05,0.0001742248205342578,16.846878152530415
112.92047700203415,0.617591757832171,-0.48102247456719055,27.74497481452096,-0.21488756456492858,5.457943515300061e-05,0.0001713680252783688,26.258534119601194
111.33944210198379,-0.3705550546993026,-0.6673959124561404,27.536858495076558,-0.27179870340559215,4.948114795459281e-05,0.00017745921802072605,19.35946460232715
113.11810636454045,0.02470367031328684,-0.6244647328225023,26.70755800317835,-0.48625665093645637,4.777214067015617e-05,0.00011656276464241636,25.516465645261583
109.56077783942715,1.556331229737071,-0.5135443642992865,27.124893796002425,0.5149128127981114,5.269830798505926e-05,0.00024223364301666507,21.07352946812916
109.85722188318658,1.0622578234713342,-0.09006720223150527,24.715343376442206,0.18107085316269486,5.989896033095276e-05,0.0002525382544009163,47.520000874203696
111.83351550824953,-0.22233303281958158,-0.22816247423190464,28.60133573273083,-0.2750260314823669,6.0751631133555575e-05,0.0001775515635750554,43.305057451056655
111.98173753012925,0.8152211203384657,-0.0012250729581869124,28.96990368219076,0.32281181694548805,5.0664809610211556e-05,0.00017407300214689118,49.75186039709635
111.53707146449008,-0.07411101093986053,-0.040339887301038976,28.8701405890194,-0.34694880467874034,5.613188927853268e-05,0.00021713198999303646,46.1153117003818
111.19122008010407,-1.2598871859776288,-0.5710170174534962,26.503733736203117,-0.9044891330930922,4.682556058264536e-05,0.0001045447426885151,17.930983130474424
113.5627724301796,0.9634431422181868,-0.7124031614804162,26.278663206689146,-0.2967763992003452,4.700256048235874e-05,0.0001367891119564504,19.47405650458103
113.85921647393906,0.8646284609650394,-0.5565452806940875,22.925744369883546,-0.20064678162704283,3.9995639067726e-05,8.167235222097581e-05,27.359003849832632
109.65959252068029,1.0128504828447604,-0.45151521240931164,26.854627110045726,-0.15548679416562303,5.881047458404815e-05,0.00023425814360896954,35.959903927407794
112.0805522113824,0.9634431422181868,-0.09435469876604585,29.454019471156755,0.3162139919069078,5.0220316835695616e-05,0.00016255027595913818,40.73164496437845
112.27818157388869,0.46936973595244996,-0.44081702339147105,28.393981975979273,0.10198436107164548,4.7755957153701295e-05,0.00015492517701338495,31.84925502650644
112.821662320781,0.17292569219300788,-0.7003695383543894,24.410890974821882,-0.4411049521999595,4.185347643221057e-05,7.064742842403676e-05,12.792886473754965
111.63588614574324,0.07411101093986053,-0.2592942200074109,28.81822001610277,-0.22061658052750577,5.233515247749994e-05,0.00018438234903055858,35.54767606396493
110.79596135509148,-2.643292723521692,-0.3801406603259804,27.527135067221536,-1.6458477606008086,4.775506473531521e-05,0.00013169878965425488,33.61489568423745
110.64773933321176,0.8152211203384657,-0.17058539921207164,27.86779261930485,0.36727253743159916,6.751523475407328e-05,0.00022983427315731412,45.109721662303436
109.31374113629427,-0.22233303281958158,-0.05958550787767386,28.608054121040993,-0.1751024384557465,5.218697221739865e-05,0.00024885829314770877,47.48356253906346
109.36314847692084,-0.17292569219300788,0.24944575146710826,28.495137574937644,-0.09138631673506749,6.227844747445544e-05,0.00021728441977880228,58.77831087671679
110.25248060819918,-1.9021826141230869,0.03589140428020393,28.45656938435127,-1.3579042384653914,6.583940424456777e-05,0.00023988418932654952,54.602443578912
113.06869902391388,0.22233303281958158,-0.615953350124483,23.718065092298673,-0.36810238420227426,4.12361451039015e-05,9.390530142476109e-05,17.102221523868366
111.19122008010407,0.07411101093986053,-0.37490074092520365,28.993485858116685,0.03548542805659917,5.2016938025406534e-05,0.0001827565268326013,27.82244854880754
109.51137049880057,1.556331229737071,-0.47781111565937345,27.560009657306466,0.5155171361970312,5.2668008621014944e-05,0.0001980015913684932,20.270255514259173
113.36514306767332,0.5187770765790237,-0.7543359912339217,25.139680881264837,-0.32977381311816933,4.3133157592200725e-05,9.911028780669653e-05,9.355813352205931
111.29003476135722,-0.32114771407272896,-0.6539148624749225,28.112644567607447,-0.23781719178329278,4.649046668039254e-05,0.0001334280350912294,17.63675858392405
109.85722188318658,0.617591757832171,-0.23020954870695648,27.223131763787933,0.38565617579000966,5.869531844960651e-05,0.00020295619570573714,42.10206424322095
110.59833199258519,-1.2104798453510552,-0.5832185292892051,28.9987725575765,-0.5946452926706385,4.939460083196874e-05,0.00019089124382173225,20.842767190829605
110.49951731133204,0.3705550546993026,-0.0658942537819388,28.09306509229873,0.5786508468934047,7.663841930339979e-05,0.00025399852590308466,58.25425313776688
110.45010997070547,0.07411101093986053,-0.10888682407636038,28.147840000670726,0.4686820727807504,6.941855864834254e-05,0.0002300001903299467,46.36015855953219
111.48766412386351,0.9140358015916131,-0.4469454386276026,28.185277910585796,0.13158339777110534,5.698620940497056e-05,0.0001759161553196773,32.43632709941971
113.46395774892646,0.46936973595244996,-0.7326642269125754,23.6016130282556,-0.3441524902979533,4.013742970809747e-05,7.09694533860851e-05,9.402488328665427
109.80781454256001,-0.5187770765790237,-0.5384630994517753,28.74830838898083,0.14093081892272571,4.941543299444005e-05,0.00019551825942549266,20.641408935288453
110.84536869571805,-2.840922086027987,-0.39155092516968815,27.52459118219076,-2.6006289985444817,5.1196819125137215e-05,0.00013285827838398703,37.52708811024685
113.85921647393906,1.3092945266042026,-0.7803128781708834,24.561272557576558,0.06019788465382143,4.183669755483464e-05,6.802056896798422e-05,15.453761841773538
109.2643337956677,-0.17292569219300788,-0.0600613807194952,28.608054121040993,-0.1751024384557465,5.182781775376619e-05,0.00021969890327313234,42.91847610186048
111.1418127394775,0.4199623953258763,-0.3477623519708996,28.755557255686085,0.1674027457649325,5.4565190611991574e-05,0.00021653655270850735,27.217381382047293
112.57462561764814,-0.32114771407272896,-0.37876906568720686,27.97260429947471,-0.675886853241626,5.426995499025829e-05,0.00014533511689698297,38.46603208155201
110.30188794882575,0.27174037344615526,-0.1646881979997065,28.175979468263222,0.55393914381663,7.60589563693438e-05,0.00023399558519875648,50.488376317191765
112.42640359576842,1.0622578234713342,-0.6261370066563485,28.812032106187587,0.3060316700994233,4.769567630432892e-05,0.00017846918998639275,12.457532227879597
110.79596135509148,-1.8033679328699395,-0.5355919460474234,27.433834165408314,-1.484186730267089,4.635572332778353e-05,0.00017460074016439705,23.942156016765193
109.0667044331614,1.0128504828447604,-0.31923166569579614,27.501720329567206,0.5140447572425559,5.425568953147407e-05,0.0002588075383596408,32.942005001333335
112.27818157388869,-0.27174037344615526,-0.5904439637879004,27.43737571151172,-0.49075516800821567,5.016643686581037e-05,0.00011571074028511465,23.521589339947226
113.06869902391388,-0.07411101093986053,-0.5553314194989928,27.212769350593476,-0.5537110478789719,4.653293643134534e-05,0.00013174437984958518,22.639818572181714
110.05485124569287,1.1610725047244816,-0.3075105883603708,25.85450956085583,0.16201884216732446,5.745357469736619e-05,0.0002454309075904996,38.224314926314364
110.64773933321176,-1.5069238891104972,-0.5918456771911517,28.73897377767679,-1.070532638349651,4.776346948099544e-05,0.00015107806898821596,21.624225528922565
110.54892465195861,-2.643292723521692,-0.4854235985502051,27.60286688628031,-2.008119293201117,4.681573126853876e-05,0.00011795823699014144,32.274388160527984
109.11611177378798,0.6669990984587447,-0.18585019098934671,27.542353166179907,0.20209030604656833,5.4819656187668755e-05,0.00021418078419300089,45.469081984053005
111.73470082699639,0.8152211203384657,-0.2356164062695721,28.684488221156812,0.20448574754926896,5.574275693462189e-05,0.00018300493675416917,45.82385855787928
110.69714667383833,-1.8033679328699395,-0.4659494840953633,27.731550094227828,-1.449043290114697,4.7718315123761266e-05,0.00016909817906573496,28.780379736232263
110.30188794882575,-0.32114771407272896,-0.08531466885069532,28.553273184505542,0.22699792443970104,6.173994802199679e-05,0.00021217255105618097,48.347557749762345
112.17936689263554,0.9634431422181868,-0.0463320194472898,29.27189659307038,0.3674541358594541,5.0330898251733385e-05,0.0001889687378257426,48.76950996332579
110.30188794882575,0.02470367031328684,-0.10254116021786129,28.344945879335796,0.38914120785983985,6.219348013410936e-05,0.00022158297877543766,47.639639458566606
112.32758891451527,1.1610725047244816,-0.35376368675352193,27.534028272275577,0.25442456168892946,5.0287573966229276e-05,0.00014570933018394515,34.16445683608937
109.56077783942715,0.9140358015916131,-0.4089564462301626,27.363355890909816,-0.006621294551425511,5.50113190820046e-05,0.00029929257868578,31.61554891357685
109.85722188318658,-0.7658137797118921,-0.08686214467333005,28.65567359924313,-0.01193813482920328,5.248883810798672e-05,0.00020535238763304893,42.68553841654391
111.29003476135722,-0.07411101093986053,-0.41599622572486117,28.854202124513222,-0.2860733947636169,5.0665953105669004e-05,0.00017963290769235234,28.766568120636197
111.09240539885093,-2.495070701641971,-0.4023732765399203,27.637727756264837,-1.467518104447259,4.639375810524251e-05,0.00013275880021512826,33.9905999979535
109.80781454256001,0.9634431422181868,-0.35813211035772297,24.87941190460583,-0.015842877788308223,4.835425794847595e-05,0.00017702301946410104,31.848601484904886
108.96788975190826,1.1116651640979078,-0.37108150490247693,27.79717268296241,0.8634619845284356,5.2225100429359574e-05,0.00027518316203253347,32.694554138646986
112.12995955200897,-0.6669990984587447,-0.9340857803709922,26.598475369112123,-0.5711663490460244,4.6900583867183424e-05,0.00013242868909966627,7.494607808718889
109.461963158174,-0.5187770765790237,-0.2099684929002858,28.45876664997627,-0.008487011179511929,5.0639926034347065e-05,0.00019967826444005238,40.51471158666792
110.30188794882575,-2.34684867976225,-0.2849521856498651,27.901592532499365,-1.6974232211525062,5.5037417656646133e-05,0.00019197846574682737,35.653042142496105
110.49951731133204,-0.32114771407272896,-0.0661738700010189,27.64046755661201,0.11622439048908377,6.049665409845894e-05,0.00019828032016320384,48.59547815136159
110.4007026300789,-2.495070701641971,-0.43104383103678723,27.636660771311085,-2.018019798361225,4.92118175564122e-05,0.00013355223209727873,29.807616066724915
112.821662320781,1.3092945266042026,-0.5839662686299923,26.12514999295462,0.03512599880312696,4.51235375563461e-05,9.952401254776832e-05,19.477718125858846
113.06869902391388,0.5681844172055973,-0.47300065222478,25.09190768489134,-0.2930849025278916,4.7879512078058146e-05,0.00012869361955733071,21.96563601359142
113.71099445205932,0.9634431422181868,-0.6109370395357561,24.810386417530196,-0.2544262894877681,4.3300500006076374e-05,9.993274390517725e-05,15.520675944898723
113.26632838642017,0.32114771407272896,-0.7496146678482418,25.090352418687587,-0.36223924160003657,4.6688746333617504e-05,0.00015265637584454172,13.201271175586365
110.64773933321176,-2.4456633610153973,-0.49014157808414843,27.709405635315704,-1.5138641330930922,4.6461096164460944e-05,0.000116976519796169,29.611115628870603
110.64773933321176,0.4199623953258763,-0.19559592089057712,28.140045585161374,0.5635307055932504,6.654441523933138e-05,0.00025108060319346397,47.570168295638695
112.0805522113824,-0.46936973595244996,-0.4291233098358431,27.866550817607333,-0.45545047448005205,5.400655513823298e-05,0.00013186518312344696,30.620079629607627
112.27818157388869,0.32114771407272896,-0.6014658812456698,27.24947785271536,-0.0877633904233391,4.998836066937165e-05,0.0001416392036286651,21.02420611491392
111.1418127394775,-0.1235183515664342,-0.37880395344211043,28.60555544723701,0.04387738528075042,5.12436414601297e-05,0.00017317235126073716,29.19245953629382
109.36314847692084,1.1610725047244816,-0.4433010819770636,27.46589495340993,0.35373554259170714,5.537123840482828e-05,0.00023487853489563345,32.92765995366084
111.98173753012925,-0.3705550546993026,-0.21439894425118258,28.331988341719978,-0.380338802749728,5.7296077907823376e-05,0.00017658915694650405,43.49443329668763
110.79596135509148,-2.0504046360028076,-0.5532859063060253,27.83714543566299,-1.406215448438385,4.741259884005485e-05,0.0001650153578779821,24.20976732141078
111.38884944261036,-1.1116651640979078,-0.5450331639460406,26.6002265506321,-0.5566369677767341,5.0255904749210825e-05,0.00012072004203296228,22.620170106895586
109.75840720193344,1.1116651640979078,-0.3536905438676069,25.88119322694382,0.12222316677187692,6.417592820362076e-05,0.00024717106007513695,37.20797918641326
112.42640359576842,-0.32114771407272896,-0.43711365776737093,27.639533191257158,-0.534232544310299,5.11744047000337e-05,0.00015079387640035545,30.819858130757606
113.80980913331248,0.7164064390853184,-0.6083900886963269,24.086804844420612,-0.3459940942717188,4.312105893689087e-05,0.00012061535934645907,13.561022130301462
112.42640359576842,0.5187770765790237,-0.3236505526684327,28.416005871619745,0.060079581943559064,5.011871254717586e-05,0.00019536948536042558,28.64231767976977
112.62403295827471,1.2598871859776288,-0.717183479495751,26.567698579953003,0.1754631539921702,4.480208652394092e-05,0.00011512391319457337,9.36690923795096
109.16551911441455,1.1116651640979078,-0.4755114680449278,27.510446096349654,0.4374049460446392,5.045477365771284e-05,0.00024781829514581693,21.511581933250365
113.61217977080618,1.0622578234713342,-0.8345495969358426,25.114425889945323,-0.15464737238707363,4.273647793146742e-05,0.0001156763103036973,7.335126074258951
109.95603656443973,-0.27174037344615526,-0.4509320938171681,28.62969824237581,0.2326749474913985,4.993572458307556e-05,0.0001968875449609794,29.001582497289878
111.78410816762296,0.5187770765790237,-0.5925521253349993,28.67263986563978,0.10218329046979363,4.9909946212060526e-05,0.00019128167040943504,17.956835692009754
110.54892465195861,-2.840922086027987,-0.16501540900441736,27.46869804947471,-3.885872656916394,4.9681951981885894e-05,0.0001564915415371312,50.53626691204052
109.0667044331614,1.0128504828447604,-0.31923166569579614,27.501720329567206,0.5140447572425559,5.425568953147407e-05,0.0002588075383596408,31.60728501054029
110.49951731133204,0.5187770765790237,0.043507088372346944,27.761582405184583,0.5672063783363059,7.48428999928543e-05,0.00023052210456929795,59.0343630750535
113.41455040829989,0.7658137797118921,-0.7885998678457762,26.425406792723095,-0.4038667252034318,4.602645795114811e-05,0.00014371266026509986,11.569751461057175
109.56077783942715,1.3092945266042026,-0.5931049424315691,27.2971124013265,0.30985880045243247,5.473923442988576e-05,0.00024759625374269303,23.299548447376853
114.1556605176985,1.3092945266042026,-0.7043065389528324,23.849602635701615,-0.17869673099046873,4.232712487177766e-05,5.468825917452358e-05,11.488929657543363
111.8829228488761,0.8646284609650394,-0.4257408635522576,28.914851478294167,0.2560566869782813,5.2638608864712676e-05,0.00018988659833145565,25.619895574869915
109.41255581754741,0.9140358015916131,-0.4531059483576808,26.502184498162933,0.12620250825528748,5.0735605347709217e-05,0.0002357589843431119,25.41449645581782
110.15366592694602,-1.1610725047244816,-0.13362860206549762,27.642010766488568,-0.2305193462489564,5.2566102147617775e-05,0.000225304347347055,44.61321633629851
110.0054439050663,1.2104798453510552,-0.26051155257432057,26.269180905377425,0.16004311155389855,6.190156008612712e-05,0.00027812045419730534,44.561046685727106
113.71099445205932,0.6669990984587447,-0.6726133293753743,25.14859050703643,-0.43204386881840084,4.332601595255869e-05,0.00012274117775685692,16.216473816001255
110.69714667383833,-1.9515899547496605,-0.6083059645152928,27.86611678982956,-1.4057882023446353,4.610355831802036e-05,0.00014383430881291436,18.703896126313722
111.83351550824953,-0.46936973595244996,-0.4071112239141863,28.108527331881987,-0.3138052077940952,4.909072668522903e-05,0.0001558996756058869,25.449649198968395
112.67344029890128,0.5681844172055973,-0.41758587995749513,28.13199195861813,-0.0024189110155458915,5.129342980116992e-05,0.0001990364122635584,24.104348705346514
110.45010997070547,0.46936973595244996,-0.08045115022689527,27.761582405184583,0.5672063783363059,7.506076636505287e-05,0.00022660093440871954,52.82166835485725
110.84536869571805,-1.852775273496513,-0.6521489391126442,27.474928156534816,-1.4658694017080611,4.667230374646408e-05,0.00013227778516711154,21.022655232017602
111.24062742073065,-0.4199623953258763,-0.7098062868778463,27.182312054104273,-0.2571962306528916,4.538125948045889e-05,0.00011282143411869097,16.578914658847655
110.7465540144649,-2.4456633610153973,-0.4956809390150796,27.67413485020768,-1.563286785726194,4.685773314705646e-05,0.00012583504034871182,23.820898942397697
109.70899986130686,0.5187770765790237,-0.3815895062957436,27.368745069150634,0.31950310866038006,5.328844025180457e-05,0.00022185899361510362,27.067281029510845
109.31374113629427,1.1610725047244816,-0.486003474329797,27.487855553332736,0.4331867385793615,5.4634544839515964e-05,0.00021446213220717217,19.149093017110467
110.25248060819918,-2.3962560203888237,-0.3087355929656723,27.80392422617217,-1.8115265619607617,5.318062534565188e-05,0.00014209523994712314,37.8548005359821
112.17936689263554,1.1610725047244816,-0.2850212257607896,27.439340892838914,0.22236754128962385,5.0424784213424955e-05,0.00018276051126726574,34.879144250033896
114.10625317707192,1.3092945266042026,-0.7369268430620564,23.289610351750923,-0.11885213704756747,4.147893360158224e-05,5.5132033990610795e-05,10.580083381767222
110.49951731133204,-1.40810920785735,-0.5257423838848546,28.710138057190704,-0.7910850592601446,4.763579144795818e-05,0.0001627885832559908,26.42480118038999
109.56077783942715,-1.0622578234713342,-0.3800716339468267,28.02064876320918,-1.322500080238154,5.0795071689491716e-05,0.00023757629388893034,37.4898559360087
111.83351550824953,0.8152211203384657,-0.3461802061150137,28.87884224314746,0.25093350145551896,5.421662604042576e-05,0.0001958545154788312,31.87771946260134
112.37699625514185,-0.5187770765790237,-0.5847793660906808,26.820052577831063,-0.5408838693006539,4.674432286977165e-05,0.00011360726045067124,24.87875255389639
113.61217977080618,0.5681844172055973,-0.49395472335355534,23.879674129721536,-0.42743533776130205,4.2841408882282096e-05,0.00014452570624283483,18.346404693028642
112.96988434266072,0.46936973595244996,-0.6683527283537914,25.797211866025634,-0.18249673460736687,4.977207492142179e-05,0.0001502470958193126,18.433109248778972
109.461963158174,-1.0128504828447604,-0.19565637602304142,27.950275981573384,-1.385468769956518,5.462041840672266e-05,0.0002111722192628809,43.45125654206538
110.30188794882575,-0.8152211203384657,-0.29835742114168895,28.80744467370306,-0.07534160584579279,5.050299961066828e-05,0.00019664927038079752,35.26299322883689
110.35129528945232,0.22233303281958158,-0.08576278877087103,28.225648522082736,0.507562220832448,7.768636064678434e-05,0.000250489862166937,51.33896549113747
111.58647880511666,0.27174037344615526,-0.4062381373695416,28.778211094420726,-0.1184708557011169,4.899936205500424e-05,0.000163777473961736,25.915073978358528
109.2643337956677,0.7658137797118921,-0.39969568386577486,26.995224983309583,0.11706908691076585,5.2023992931872784e-05,0.00021951165847052196,27.796002124556615
111.53707146449008,-0.7658137797118921,-0.4958327548787803,27.750225344999308,-0.4458212366810553,4.8137677213936055e-05,0.000122383035189954,25.766640764728812
111.68529348636982,0.27174037344615526,-0.4090124831368267,28.679418535585796,-0.10598577540597798,5.0018416655687316e-05,0.00016945592064008044,27.616076830147865
110.45010997070547,-2.1492193172559553,-0.2990698390443461,28.14613101629567,-1.6918539515248054,6.255183600615533e-05,0.00019711944570274397,40.83894881785627
110.0054439050663,-0.02470367031328684,-0.4277708201527822,28.272906310469978,0.366754115363698,5.5585239761517915e-05,0.00021841327302410683,32.550842965704845
112.37699625514185,0.8646284609650394,-0.47619180317840665,29.102086239096536,0.31230096022288006,4.626041209275502e-05,0.00014469952378422612,22.53524659717351
109.21492645504112,1.4575165484839236,-0.18179652319830047,27.833872142838914,0.8296703600589139,5.5051752866233696e-05,0.00027295990704106484,38.90137766702249
111.43825678323694,-0.617591757832171,-0.615215891465411,26.992708225014837,-0.41522152482727426,5.0286165337778014e-05,0.00013688536018257734,21.040259359855092
110.79596135509148,-0.4199623953258763,-0.2704716662816003,27.770841664443765,-0.059742979061456376,6.135020699064217e-05,0.00018336634431170932,44.292694193148364
109.16551911441455,1.1116651640979078,-0.4755114680449278,27.510446096349654,0.4374049460446392,5.045477365771284e-05,0.00024781829514581693,25.80698046996531
110.4007026300789,-2.198626657882529,-0.15281812398548525,28.136654743147574,-1.6263368556528917,6.440417441647776e-05,0.000181994732009596,47.699308140661934
110.7465540144649,-0.02470367031328684,-0.20400591554403022,28.24867912104105,0.38630495689533373,6.0738397042467446e-05,0.00022088250065136218,39.059230340234315
110.84536869571805,0.7164064390853184,-0.2467322425623921,28.699175841719978,0.4069544312394695,5.516363417631781e-05,0.00021070265098417846,37.997819866954515
111.53707146449008,-0.22233303281958158,0.027626435105891703,28.78191238685895,-0.34876328191639455,6.062953870393864e-05,0.00019185321712738532,50.193036099219015
110.30188794882575,0.22233303281958158,-0.12113414729202628,28.29778454156576,0.5005115300049018,7.928022106806984e-05,0.000221542732755125,52.05931071865819
112.03114487075582,0.5187770765790237,-0.27374287813222475,28.569386465755542,0.181269782560843,4.9948145165301055e-05,0.00014807199334915976,25.801633900344772
111.48766412386351,0.4199623953258763,-0.3599614288115537,28.65480252960583,-0.09542593985428044,5.0169911458346976e-05,0.00016155684835248018,30.00708216353822
109.41255581754741,-0.22233303281958158,0.2967378079763046,28.495137574937644,-0.09138631673506749,6.208740471528706e-05,0.00022549205842300988,64.98696678614291
109.75840720193344,1.4575165484839236,-0.6803534810565371,27.608159613903695,0.46335016209402213,5.255919954598931e-05,0.00025673614860340034,18.21279368343816
111.73470082699639,-0.5187770765790237,-0.7345906311829223,27.528168897275634,-0.25112511640713536,4.8724321722200146e-05,0.00015416137747101459,13.973174950390892
110.84536869571805,-0.32114771407272896,-0.0778836503452856,28.069715000670726,0.06943001717696953,5.898713439231546e-05,0.00022614572523969908,53.70650466943734
112.52521827702157,0.07411101093986053,-0.8346162969820597,26.93794838705179,-0.3906816244125366,4.6871162479005814e-05,0.000139720214333651,9.265730587785058
109.31374113629427,1.1116651640979078,-0.41593743936843774,27.288326352908314,0.33177042154618247,4.963254807174688e-05,0.00021466041736932485,22.885159598729306
111.33944210198379,-0.3705550546993026,-0.6673959124561404,27.536858495076558,-0.27179870340559215,4.948114795459281e-05,0.00017745921802072605,14.808223583806374
110.54892465195861,-1.0128504828447604,-0.4546714011695605,29.01200437663516,-0.3978310264187095,5.053416777480626e-05,0.00018069345638818468,28.39469267551798
109.2643337956677,1.0128504828447604,-0.41306373499883653,27.17585287682806,0.24822685600798805,5.2938049890925816e-05,0.00025085596011850377,28.729658751052966
113.2169210457936,1.3092945266042026,-0.8685060442905083,25.736215892838857,-0.12557504648043788,4.164459588926857e-05,0.0001187606345247192,8.363990371078671
111.53707146449008,0.7658137797118921,-0.37938006560801363,29.05415329638828,0.12201820921014857,5.565465734362316e-05,0.00020236660514667959,34.89295761959538
112.92047700203415,0.6669990984587447,-0.6514843127869854,28.51184463030029,-0.19686260193954278,4.881616278531572e-05,0.00016974118610602659,16.836516733447972
112.42640359576842,0.46936973595244996,-0.3293680093296231,28.416005871619745,0.060079581943559064,5.213674645884615e-05,0.00017788488015878665,33.86231703502445
111.1418127394775,-1.2104798453510552,-0.5787601218452457,26.87020388473701,-1.0329206652111476,4.507105107132106e-05,9.957881168201056e-05,17.3495127513165
111.48766412386351,0.22233303281958158,-0.4630862445520709,28.982653248162933,-0.18126246811431132,5.33748415119223e-05,0.00018718161028534108,27.453853039705
110.89477603634464,0.07411101093986053,-0.31140604414633444,28.61699087354873,0.38239644633399117,5.411715969799824e-05,0.00020783806425240636,32.20899819852408
110.84536869571805,0.9140358015916131,-0.3586543905097001,28.281195035392898,0.22382183575335846,5.429116546344973e-05,0.00017677244855621022,35.73480602365916
112.72284763952786,1.3587018672307762,-0.6503217521146539,26.220105625670612,0.13297364299679978,4.5038873564035234e-05,0.00011961468289947389,20.29515844716877
112.87106966140757,0.6669990984587447,-0.7095307798759412,28.51184463030029,-0.19686260193954278,4.822064925372106e-05,0.0001652024461898003,15.433912578156153
109.65959252068029,-0.9634431422181868,0.18819651182152017,28.291840772275577,-0.5397452999044348,5.7169487227551715e-05,0.0002566497195888336,57.01741105105067
110.30188794882575,-1.1116651640979078,-0.4241215061357664,28.821824857923787,-0.2583747366328298,4.957860869718401e-05,0.00021608964661862394,32.400386600761955
113.06869902391388,-0.4199623953258763,-0.7220864655951231,26.38773077034648,-0.5656061216636941,4.7021051235470974e-05,0.00013069986644449744,13.962967843824744
111.24062742073065,-0.27174037344615526,-0.5564332844306991,28.4360856845056,-0.15708425751438848,4.962915219917846e-05,0.00016335603044690286,18.653295855066983
111.48766412386351,-0.617591757832171,-0.5328211682450377,26.906761682769456,-0.35910610357920336,5.082233026931966e-05,0.00015713527177292606,27.972114109345863
109.461963158174,-0.32114771407272896,0.11368028729864055,28.507507366604273,0.031209953037309064,6.11248349490146e-05,0.00020640103891413268,55.210318932773056
110.25248060819918,-2.0504046360028076,-0.20301917681525777,28.270654791372806,-1.6523566702265797,6.636174275219113e-05,0.0002508339864042798,49.862329161527
110.54892465195861,-0.7164064390853184,-0.42378336614852424,29.264858712090415,-0.1288189520070582,5.170195727230259e-05,0.0001872261561792941,29.98864625782974
110.30188794882575,-2.840922086027987,-0.2276290360233599,27.407466977908314,-4.445327680787924,4.896686832434638e-05,0.00013294397674668793,44.152550696375364
112.77225498015443,1.0622578234713342,-0.6481713102461869,28.53044754310889,-0.06966985743722798,5.027471337027688e-05,0.00016639045772114648,18.627290139822062
111.1418127394775,-0.9634431422181868,-0.7814556069448026,26.55850563049313,-0.7287448055950212,4.774125034134537e-05,0.00015128847187797096,13.520768500085312
110.49951731133204,0.46936973595244996,-0.022131273389343287,27.761582405184583,0.5672063783363059,7.47322796360357e-05,0.00023231971336447416,55.140103537483334
112.821662320781,-0.3705550546993026,-0.6013478831694095,27.30402971903493,-0.5549121594723362,4.7186647267531814e-05,0.00012875430790102946,18.73748643860436
110.64773933321176,-0.07411101093986053,-0.12640113752288915,27.946291365446825,0.312872882242556,6.556138915584865e-05,0.00022523714582461065,44.1103081314584
109.51137049880057,0.9140358015916131,-0.42693547941432786,26.7121816046444,0.10788744025760225,5.362172369463803e-05,0.0002739079218787726,37.48249255193279
112.0805522113824,0.9634431422181868,-0.09435469876604585,29.454019471156755,0.3162139919069078,5.0220316835695616e-05,0.00016255027595913818,43.40158019571873
113.06869902391388,1.0622578234713342,-0.8135235655425984,27.16362776108724,-0.2580107862566724,4.4257715502443453e-05,0.0001400944184927294,12.69866947802118
110.15366592694602,-1.4575165484839236,0.208478606539946,28.875171091527193,-0.8233131288010398,6.039603860851545e-05,0.0002930946063644595,63.461202599151584
110.35129528945232,-1.9515899547496605,0.03731593353456196,28.350681676982276,-1.5806825587778914,6.993023657677975e-05,0.00026271822969532873,62.12446908408193
112.37699625514185,0.8646284609650394,-0.47619180317840665,29.102086239096536,0.31230096022288006,4.626041209275502e-05,0.00014469952378422612,23.646563860364164
110.45010997070547,0.17292569219300788,0.06332484697666864,28.1803046756321,0.5191069076090683,7.403225151933314e-05,0.00029225101639362245,60.69570825598054
112.47581093639499,0.07411101093986053,-0.7205112322397297,26.93794838705179,-0.3906816244125366,4.7296702280379516e-05,0.00014266684297841397,11.363207731981536
111.33944210198379,0.4199623953258763,-0.30172009724239846,28.823850320886663,-0.049706840220792796,5.0974203615662515e-05,0.00019028400977085002,35.1109996898788
112.77225498015443,-0.1235183515664342,-0.4118554047795196,27.806229998741685,-0.8165540503866878,5.227632186781769e-05,0.00014010381469502998,27.241764214826272
109.61018518005372,-0.32114771407272896,-0.32165439406239654,28.5406833648683,0.0769938554292844,5.493268255477068e-05,0.00019553377146703496,33.92458780655457
112.96988434266072,0.17292569219300788,-1.0201519923448326,24.551594340948384,-0.354411671191086,4.3071451243818585e-05,9.316511101338207e-05,0.6292648881350503
113.31573572704674,1.3092945266042026,-0.5890169359360151,25.135232096542552,-0.11486224627789156,4.35133330608953e-05,9.189374194301619e-05,14.705516892288564
111.83351550824953,0.5187770765790237,-0.5643939909533702,28.67263986563978,0.10218329046979363,5.102134333405656e-05,0.00021140556559309453,22.861472174477104
109.90662922381316,0.4199623953258763,-0.36537064758617194,27.812083345577946,0.5026522815963369,5.2439960736085634e-05,0.00021767795372835462,30.465360903058354
110.99359071759778,-0.7658137797118921,-0.5180948588350929,27.73064888377246,-0.6127418397385397,4.989670792084649e-05,0.00013405541639742116,28.665130150542257
111.24062742073065,-0.22233303281958158,-0.5412885672084051,28.782593569343533,-0.1265403061737249,4.725204640184552e-05,0.00014228196138476166,17.672326908406212
111.1418127394775,0.02470367031328684,-0.33100108939253176,28.652436475400577,0.1259071282398554,5.1783297467890254e-05,0.0001639089641416812,32.163596702713384
111.93233018950268,0.02470367031328684,-0.40906558717303393,28.64050071151172,-0.18265949502403356,5.13166842533453e-05,0.00015846175101245433,32.009734464983396
112.52521827702157,1.0128504828447604,-0.6017753158360513,29.333965579374365,0.26028092260713925,4.758985424289657e-05,0.0001600271909706179,20.58526934803982
112.37699625514185,-0.02470367031328684,-0.3853980021494074,26.878778947429907,-0.4279861612084471,4.648406260531731e-05,0.00010877335508483256,29.079829112156794
109.31374113629427,1.5069238891104972,-0.2852231995052973,27.507432014559583,0.6426714511565221,5.3502088512197555e-05,0.00024398159110475514,36.75972362198724
113.06869902391388,1.3587018672307762,-0.655205697510703,25.358879979451558,-0.04857053138591626,4.626478702190539e-05,6.993557511017757e-05,19.152634536624973
110.54892465195861,-1.2598871859776288,-0.46214833764351243,28.971305230223095,-0.5975983393045119,4.9784331150365114e-05,0.00017642988579239703,28.54472013416798
110.59833199258519,-2.0998119766293817,-0.5327172455820347,27.92220885194382,-1.6135933178442494,4.792998297628676e-05,0.0001477711631502206,29.5200757104956
110.89477603634464,-1.0622578234713342,-0.5216540843866853,27.473493453602714,-0.786465225396333,4.406055523991698e-05,0.00010535673586261434,22.924431292735292
111.53707146449008,0.02470367031328684,-0.141311734926138,28.70143037489902,-0.27215285801593164,5.823984319771685e-05,0.00022969100088496557,45.06714210420079
112.77225498015443,0.4199623953258763,-0.5386347678162184,28.18667343045456,-0.16855509928715082,5.399292023424443e-05,0.00019060825000278653,23.577144099648226
109.461963158174,0.3705550546993026,-0.17751634312068076,27.275884223278695,0.2744749872772782,5.3111817044862844e-05,0.00018699814741624185,35.846392687017946
112.92047700203415,0.5681844172055973,-0.5179458529813643,27.74497481452096,-0.21488756456492858,5.2243912995663996e-05,0.00017146828526613228,26.469178985547302
110.0054439050663,-1.0622578234713342,-0.017900374226805425,28.255065960354386,-0.1709452661467187,5.616891023893431e-05,0.00026615565375534496,50.564685731390526
112.47581093639499,0.6669990984587447,-0.38699083538585166,29.01191395418141,0.20880115915227823,4.95928645013791e-05,0.0001731466596695188,25.97731235987881
110.59833199258519,-2.840922086027987,-0.18813580543384528,27.420873613710796,-3.622667964593863,4.799121023616142e-05,0.00013867327340087897,46.0348671695647
113.46395774892646,0.8646284609650394,-0.6849783462929153,26.32463699623395,-0.38326396912704275,4.6007723714830857e-05,0.00013569708748192847,14.801779871851556
110.4007026300789,-2.3962560203888237,-0.42134650601595275,27.81529032860277,-1.7053924534055924,4.9994231672884276e-05,0.00010600067280668932,30.8086678293238
111.24062742073065,-0.9140358015916131,-0.7276993177000757,26.227288182576615,-0.6306997390440953,4.731361899557976e-05,0.00012744559864111057,20.542677134998705
109.85722188318658,0.46936973595244996,-0.31872026455371516,27.45241899372627,0.45551656352149117,5.566818958488664e-05,0.00020759904068183023,35.98355493919086
111.73470082699639,-0.02470367031328684,-0.3097680135261343,28.674981807190647,-0.24127886471924959,5.112135600932257e-05,0.00017354841995960817,32.011923627544256
112.92047700203415,1.0622578234713342,-0.6421195487367897,27.917636489868187,-0.14402876224046873,4.791581077300842e-05,0.00015615157791932493,17.566747527913535
109.61018518005372,0.02470367031328684,-0.1504204150201163,28.17404141367217,0.1585353171383893,5.409824643120635e-05,0.00021300042306694492,40.36793606124791
112.17936689263554,0.7164064390853184,-0.3629421412056612,29.135687222892898,0.29092659920821945,4.7190897239897174e-05,0.0001700707344132181,31.271463496021163
109.61018518005372,-0.5681844172055973,-0.24168252474721238,28.54761273890375,-0.034208431655977985,5.0912371488234654e-05,0.00021450796178665077,37.05017201880576
111.58647880511666,-0.617591757832171,-0.6677535239270782,27.023421718456177,-0.30834670567218175,4.953089039299006e-05,0.00015070004749760245,18.98292680842436
112.72284763952786,-0.17292569219300788,-0.5913678308946768,27.648943154605888,-0.7923924172366107,5.150068417394977e-05,0.00014489410198459412,17.553375826393523
111.68529348636982,0.27174037344615526,-0.4090124831368267,28.679418535585796,-0.10598577540597798,5.0018416655687316e-05,0.00016945592064008044,28.881309848064394
110.94418337697121,-2.0998119766293817,-0.4676057377091329,27.829332935662876,-1.3618752912238794,4.898460189211361e-05,0.0001704000870398799,28.604894057287414
110.64773933321176,-2.0504046360028076,-0.5945256337477453,27.92220885194382,-1.6135933178442494,4.881480148710606e-05,0.00013977639374275122,26.219857711960596
110.35129528945232,-2.198626657882529,-0.2384107660024473,28.136654743147574,-1.6263368556528917,6.156399686727848e-05,0.00018150946765640015,40.081459281304916
111.8829228488761,-0.17292569219300788,-0.1371722034885737,28.397161832267898,-0.23538181369687303,6.238069620697992e-05,0.00017053378060327915,44.27683305005458
109.85722188318658,-0.7164064390853184,-0.26026919890198275,28.800445975786488,0.0988934201958739,5.082750606903576e-05,0.00022140281752500875,37.415068695755444
112.52521827702157,-0.4199623953258763,-0.41456220888725565,27.936402163093476,-0.5704158426802836,4.832787853319727e-05,0.00013628474833463048,24.72961928899428
112.37699625514185,1.3587018672307762,-0.6979238003490096,26.182101068378984,0.15348070197635227,4.397640102279434e-05,0.0001314265013923383,12.132127815670671
111.09240539885093,-0.02470367031328684,-0.24870038096026212,28.652436475400577,0.1259071282398554,5.398872885583427e-05,0.00019507546677125198,35.48898270739796
111.53707146449008,0.32114771407272896,-0.4223434150727943,28.875568950323384,-0.1336467575143885,5.114084939932561e-05,0.00018054832682856025,25.127281776405543
112.87106966140757,-0.32114771407272896,-0.514111403828342,26.9359229240888,-0.7010355981779687,4.936224390618477e-05,0.00011742069757803293,25.120267658944833
110.84536869571805,0.46936973595244996,-0.23772329337600137,28.28625266463672,0.4744397225203336,5.816040188994152e-05,0.00020856673570144004,40.20877210267249
111.24062742073065,-1.1116651640979078,-0.7553148808233183,26.083193974436085,-0.8227005166771972,4.590536620946993e-05,0.0001292718516248876,12.297864771396778
111.83351550824953,0.27174037344615526,-0.31733534594758434,28.477110351750866,-0.07116860960736687,5.054872790564421e-05,0.00018875394385630716,30.754154868321617
110.54892465195861,-2.297441339135676,-0.4257181931503986,27.92738101629567,-1.5530584991714103,4.886976639189424e-05,0.00013031305424249397,31.457346871241008
111.58647880511666,0.9634431422181868,-0.34075462480661967,27.52822315074775,0.17350400082858994,5.3738259276928194e-05,0.0001547218721133802,30.613832452591684
109.51137049880057,0.22233303281958158,-0.19941276809397243,27.833311523625866,0.2919250138011979,5.410377925369648e-05,0.00022496822877606328,39.552195454655234
110.69714667383833,-1.4575165484839236,-0.5747305033191693,28.40715652748395,-1.1739631155390797,4.652820319666576e-05,0.00014270578609096193,21.598204247705155
112.03114487075582,-0.32114771407272896,-0.29044646212290637,28.163130437591974,-0.3332354860541262,5.9206516990987484e-05,0.00016920511373362903,36.6991285654335
112.57462561764814,0.7164064390853184,-0.5815921048918762,28.985875301596536,0.11658758734479362,4.708924604234222e-05,0.0001749061109133604,12.52699656351006
110.79596135509148,0.07411101093986053,-0.25068053276035035,28.525902307769456,0.4511589547734203,5.3616961260605426e-05,0.00023976153185289667,38.05614557240815
113.2169210457936,1.1610725047244816,-0.5835274284138385,25.84566021672009,-0.2008110490846045,4.124404867529993e-05,0.00010485656893025527,16.546032912435663
109.61018518005372,-0.5187770765790237,-0.23228809790488616,28.598062439906755,0.010637337778821402,5.0087516923121675e-05,0.00020264505403536933,38.54716582426934
109.21492645504112,0.8646284609650394,-0.4415721793492787,27.491297634736952,0.2504384385214912,5.4111905467121154e-05,0.00024023465360011671,26.590873261536927
112.17936689263554,-0.22233303281958158,-0.33988881761977013,28.042871588247806,-0.4297283004831385,5.005906391563032e-05,0.00016042533026287262,30.389956953868943
109.0667044331614,0.9140358015916131,-0.320713484004882,27.44295176282344,0.4011500632321393,5.2369998297798925e-05,0.00023715059500119276,32.61414230076368
109.31374113629427,0.17292569219300788,0.04145463986114694,28.034423116990126,0.39317178873368247,5.8935785104797686e-05,0.00023009047390227643,50.95381077270731
109.31374113629427,1.1116651640979078,-0.41593743936843774,27.288326352908314,0.33177042154618247,4.963254807174688e-05,0.00021466041736932485,26.98557847821983
110.10425858631945,1.1116651640979078,-0.3727004987344063,25.53404032860277,0.18647811589417632,5.464475593707096e-05,0.00022012991086996103,30.441111260571667
112.0805522113824,-0.617591757832171,-0.7586808306786874,27.001331513016282,-0.4816119508978762,4.9048461796505375e-05,0.0001565243783909733,11.18916883895775
110.15366592694602,-0.17292569219300788,-0.20163119132741014,28.415186041372806,0.28587198404618247,5.677051284145936e-05,0.0001990527146604589,40.139158018453514
111.8829228488761,-0.8646284609650394,-0.791859471223561,26.43276718045462,-0.9171151217119193,4.67257176542501e-05,0.00010224182005119142,6.126597208305304
110.49951731133204,-1.7539605922433656,-0.5107843225268285,28.363159975593533,-1.3538864674391566,5.0454656067799305e-05,0.00016086176246282174,31.85393883235071
110.15366592694602,-1.6551459109902185,0.7602387797609909,28.579622287514837,-1.2103084208052832,7.49555742456787e-05,0.0003058160203280565,97.70537349215982
112.62403295827471,1.0128504828447604,-0.5527762223005297,29.148756281534872,0.13151482741038006,4.777923295399782e-05,0.00014606826655793362,22.853270598274257
111.24062742073065,-1.2104798453510552,-0.5991252069898393,26.317379087283314,-0.9095708749912402,4.397921484974031e-05,9.706024069614666e-05,16.216940209171437
110.94418337697121,-2.198626657882529,-0.509502459801637,27.70486642813978,-1.4007509181528917,4.669838505804486e-05,0.00014092698992406182,24.65089072180093
110.94418337697121,-2.7421074047748393,-0.38616701768562584,27.46172647829411,-1.8023268308168572,5.010405657523433e-05,0.00010497860734826253,35.19299864275873
110.54892465195861,-0.8646284609650394,-0.38562097046255656,28.938319119112066,-0.31310594081878657,5.055495424031375e-05,0.00015713898202305088,28.444887915062164
111.68529348636982,-0.3705550546993026,-0.3878915626820879,28.087721125284872,-0.22029256673506747,5.3013626815600837e-05,0.00014116537040823133,26.065493315636257
112.0805522113824,0.02470367031328684,-0.3312167842601164,28.171081585354273,-0.2761902205738021,5.424856011166013e-05,0.00018831331364795224,38.11381630993112
112.92047700203415,1.5069238891104972,-0.6270931165206555,25.243950026712355,0.05944511772673807,4.408720574660526e-05,0.00010527457083755772,24.430157113268564
112.96988434266072,-0.07411101093986053,-0.6242905129878861,27.876723343649076,-0.6334734478114563,4.771402530513019e-05,0.00012250499803671448,19.98406012602688
112.27818157388869,1.3092945266042026,-0.5110147698111065,26.655308895346593,0.18675616493931524,4.5630978529226535e-05,0.00014221625333524522,18.89833207247208
113.01929168328729,-0.32114771407272896,-0.8207512523594703,27.018686595963914,-0.6596989734673206,4.888922496119921e-05,0.00014348357629906966,9.932895374481502
110.2030732675726,0.9634431422181868,-0.25388780099206126,26.81126954349469,0.352547240845951,6.429951876241772e-05,0.00024217282670989615,40.11918983731278
109.36314847692084,0.7658137797118921,-0.35228322017814506,26.551100031534872,0.13134980643237076,5.513771933614834e-05,0.00023202933847959586,36.94261265257599
110.4007026300789,-0.6669990984587447,-0.20216404829681325,29.15401284017679,-0.06352489818761378,5.906253491486687e-05,0.0002255423433559985,45.23265284758921
110.99359071759778,-2.34684867976225,-0.4876263591456929,27.810922924088857,-1.4071460461910859,4.723978602554041e-05,0.00013225632793038218,26.191318664989932
111.09240539885093,0.1235183515664342,-0.4388021814783249,28.99384151976784,0.19353408136485536,5.3092393864109776e-05,0.0001939534977655379,25.44273133048433
110.69714667383833,-2.8903294266545605,-0.12985490454905235,27.53297334364902,-4.003202572280978,5.290505275128388e-05,0.00015658417523164403,44.251545077291134
113.51336508955303,0.5681844172055973,-0.6098788365894386,24.581050962283314,-0.41509644043298416,4.31525506144225e-05,7.264608048764313e-05,20.377410313285637
111.53707146449008,-0.617591757832171,-0.5995987790431074,26.906761682769456,-0.35910610357920336,4.912425034711853e-05,0.00014931236050305565,18.757652750596648
110.25248060819918,0.617591757832171,0.034099262805140654,27.627473850014837,0.5666028084578337,7.471975739821155e-05,0.00023475452496457387,55.50512047987942
109.16551911441455,1.5069238891104972,0.032255534898810105,27.833872142838914,0.8296703600589139,5.6219219168748185e-05,0.00025395205865869877,47.58601460972109
109.65959252068029,0.8646284609650394,-0.12333633670023056,27.311688500863568,-0.08156719178329279,6.3087156695684e-05,0.0002475010089857036,51.189730488618245
113.5627724301796,0.7658137797118921,-0.6155347659873983,26.614398763209238,-0.44880291709193476,4.451829530601261e-05,0.0001363123672796397,17.076661451500723
110.84536869571805,-1.852775273496513,-0.6521489391126442,27.474928156534816,-1.4658694017080611,4.667230374646408e-05,0.00013227778516711154,18.972638257192976
109.56077783942715,0.17292569219300788,-0.1722167408662352,27.731559136473095,0.29240952744896026,5.54105427197155e-05,0.0002202097688733315,41.540869064272755
109.95603656443973,1.3587018672307762,-0.4451021903824785,27.098463312784872,0.3108263207070621,5.4195978107859773e-05,0.0003011492666602163,26.831784551269024
109.21492645504112,0.4199623953258763,-0.06202219212580961,27.90145689881888,0.28460154857164544,5.2211753637918604e-05,0.000191004793818099,46.248859490761845
109.461963158174,0.7164064390853184,-0.184982774627547,26.75885164708268,0.1504296976842998,5.4415547025519425e-05,0.00021422313728783866,44.555413835891635
112.96988434266072,0.9634431422181868,-0.6707999096958659,28.37042692678955,-0.26326960545999034,5.021325597448606e-05,0.00016087529015961822,14.108382376673841
113.61217977080618,0.7164064390853184,-0.7824966837984548,25.714164870462355,-0.4811628527111477,4.234450232757939e-05,9.177908971501385e-05,5.955307823028832
109.95603656443973,-1.0622578234713342,0.06260372865940729,28.255065960354386,-0.1709452661467187,5.83409579022409e-05,0.00026202837785532746,53.23120934838867
112.52521827702157,-0.1235183515664342,-0.7141098080320399,26.693732410007044,-0.6868701672848361,4.708027512526453e-05,0.00012435932796003418,14.56236810164657
113.26632838642017,0.22233303281958158,-0.4812131193910341,23.42267302053949,-0.448931015568015,4.335440719779527e-05,0.00010464715067387065,27.364639951781008
110.2030732675726,-1.6551459109902185,0.24866953882226261,28.579622287514837,-1.2103084208052832,6.981823294284629e-05,0.00026274183205145804,73.4508486223846
110.7465540144649,-0.8152211203384657,-0.4276774909828593,28.7026299794515,-0.29872198899586994,4.842154939316846e-05,0.00014390222896701248,32.833585735724924
110.30188794882575,0.32114771407272896,-0.1795909015867166,28.175979468263222,0.55393914381663,7.042257882008394e-05,0.00022157399569213465,45.67847199821843
108.96788975190826,0.6669990984587447,-0.1171011145429034,27.727535337283427,0.49161998872403745,5.826611354475714e-05,0.00023854032253455094,49.54246520289421
108.91848241128169,0.7164064390853184,-0.3122841752260394,28.03637925607194,0.7328565459192536,5.404305734789051e-05,0.0002637835256073749,28.933716405714836
110.35129528945232,-2.1492193172559553,-0.010783492057325926,28.336789774011663,-1.6712700334596047,6.723158297697607e-05,0.0002054549161849479,53.51650155692383
110.15366592694602,1.1610725047244816,-0.33208359856787206,25.828329246426847,0.19595740312411458,5.385702275135223e-05,0.0002370311524104921,31.388900906872884
111.38884944261036,0.9634431422181868,-0.45672959675172736,27.653325629528638,0.11934773274409917,5.8572600604427e-05,0.00017862469866952548,32.53134094194959
109.41255581754741,1.2104798453510552,-0.49513272103348355,27.46589495340993,0.35373554259170714,5.43646047946855e-05,0.00025820582194787577,29.752575952818066
111.83351550824953,0.7164064390853184,-0.4321950180666689,28.807670729837355,0.23605750078036458,5.142495875367653e-05,0.00018336349717100863,30.728952450137687
110.25248060819918,-1.3092945266042026,-0.3878679688112916,28.106700798317263,-0.3356120895456385,5.0686176116307074e-05,0.0002215646146899576,32.599596573088604
111.09240539885093,-0.9634431422181868,-0.7799060178006897,26.55850563049313,-0.7287448055950212,4.773292113756212e-05,0.00012357006020578793,13.3546871790904
111.53707146449008,-0.22233303281958158,0.027626435105891703,28.78191238685895,-0.34876328191639455,6.062953870393864e-05,0.00019185321712738532,51.581436105352815
112.96988434266072,1.2104798453510552,-0.5471763330139069,26.52973019164284,-0.1621147600221045,4.453479063198223e-05,0.00012407510086244981,16.515114398585347
110.7465540144649,-0.32114771407272896,-0.19821259425631096,27.915167956882044,0.07413876645358991,6.198283918350614e-05,0.00020380144746111938,45.886286693971854
111.93233018950268,0.8646284609650394,-0.26973492029922225,28.914851478294167,0.2560566869782813,5.166538400652336e-05,0.00017217185022541697,34.68441010102086
110.49951731133204,0.1235183515664342,-0.047240634559405525,28.147840000670726,0.4686820727807504,6.763100363311654e-05,0.00025138659859156746,57.49420578187463
112.62403295827471,1.3587018672307762,-0.6489024803726194,26.03431461004567,0.16450018500104363,4.554546354411407e-05,0.0001234067324147983,15.258169866933146
109.31374113629427,0.22233303281958158,-0.08329487537417342,28.034423116990126,0.39317178873368247,5.6473119297874665e-05,0.00021282078462676714,44.29220445038596
112.52521827702157,0.07411101093986053,-0.8346162969820597,26.93794838705179,-0.3906816244125366,4.6871162479005814e-05,0.000139720214333651,4.734492213778568
110.54892465195861,-0.5187770765790237,-0.2060556775269555,28.317143988903695,-0.05530549714594712,6.472884026183583e-05,0.0002149838444093828,47.592499971595984
110.4007026300789,-1.7539605922433656,-0.37910152673945946,28.47992550414284,-1.2786564929985704,5.2198082130036717e-05,0.00019839733646713514,30.622407788766537
112.32758891451527,1.0622578234713342,-0.46575665945442885,28.424505582267898,0.33073357741038006,4.843278998739362e-05,0.00018315933090824903,27.83733740714137
110.2030732675726,0.4199623953258763,-0.14031980015870224,27.88160314206715,0.598713328808914,6.922682765267727e-05,0.00022166292706069418,52.64481957797638
110.99359071759778,-0.9140358015916131,-0.7787505126959945,27.361565526326558,-0.6314585341347588,4.472456269588312e-05,0.0001337505782686499,16.911018938690837
110.4007026300789,0.02470367031328684,-0.17459144347601094,28.19584226726016,0.3826187348660127,6.0510013188267036e-05,0.00022753701655355303,41.42798982189089
112.92047700203415,1.1116651640979078,-0.7116910769155391,27.917636489868187,-0.14402876224046873,4.670282041432254e-05,0.00012535528338749,14.321745814064238
110.7465540144649,-0.5681844172055973,-0.41398541365151414,28.797826738710796,-0.14557423267835454,5.269710484871543e-05,0.00014962990998931952,32.08832298340273
113.41455040829989,1.0622578234713342,-0.49340325917748384,24.415192069536374,-0.2033036947250366,4.226891308398192e-05,8.28637928291896e-05,17.61036070450299
110.10425858631945,-0.4199623953258763,-0.39568371796265955,28.70989090248389,0.18322818220397574,5.134954526690236e-05,0.0002258427092491018,28.66115606449893
113.80980913331248,0.8152211203384657,-0.6166875308857678,24.448042546966917,-0.3250206061351446,4.3163999202442534e-05,9.188141836218796e-05,16.594685532452562
109.80781454256001,0.22233303281958158,-0.3038135754155086,28.033491765716917,0.37394119339224735,5.158936920380969e-05,0.0002268847114764298,32.8924415799553
111.78410816762296,-0.5187770765790237,-0.6225773018983225,28.108527331881987,-0.3138052077940952,4.7794618677989654e-05,0.0001358820886272376,20.93781610763067
112.52521827702157,0.32114771407272896,-0.6348374187637137,26.27018760869538,-0.18472941569340082,4.626063632828336e-05,0.0001306773164124189,22.395709751859492
111.38884944261036,-0.4199623953258763,-0.6441066939421778,27.751036133000923,-0.3085267970591415,4.9595483923887746e-05,0.00018591360232851696,17.962549514945138
109.65959252068029,-0.1235183515664342,-0.2323480187991376,28.456955186820323,0.21985455059710843,5.0421315415959976e-05,0.00020832505061622753,35.55597639320349
109.70899986130686,-0.4199623953258763,-0.5873237933225799,28.68587168469844,0.14032800256470107,4.981707762101945e-05,0.00020517097828909013,17.41656694256731
111.43825678323694,0.46936973595244996,-0.2807228493921632,28.518177216141396,-0.055669447522104544,5.2947329495902764e-05,0.00016339573653007273,35.1395327837865
109.85722188318658,0.17292569219300788,-0.3160959142133031,27.898593521118244,0.41113270212102804,5.381645823969391e-05,0.0002429060666852789,37.62824054993029
110.45010997070547,-1.6057385703636446,-0.5614390290514282,28.771586142646015,-1.1251523215093728,5.0094902673330274e-05,0.00020178603184492868,30.445817343420387
111.68529348636982,-0.4199623953258763,-0.5546856881491251,28.087721125284872,-0.22029256673506747,4.8640615135324183e-05,0.0001530960951892261,18.984942445244027
111.48766412386351,-0.3705550546993026,-0.5385273381117414,27.99223501417373,-0.2626976834403144,4.925537424146847e-05,0.00014850278501990518,26.610739345003946
110.4007026300789,-0.5681844172055973,-0.06919785847008529,29.192882438942263,-0.01232318377789156,6.81046123776714e-05,0.00021878886213264496,53.58889116341315
112.821662320781,0.617591757832171,-0.6198476148357169,27.96572013666605,-0.10502503683537612,4.9263954121286447e-05,0.00015927878635586492,18.69590683231989
111.68529348636982,-0.27174037344615526,-0.1755144208891745,28.567171115639837,-0.25589565436045325,6.478964787652731e-05,0.00018300745269648555,47.18210207961494
112.57462561764814,-0.5187770765790237,-0.6298253269555302,26.325459840562644,-0.4568015366424749,4.8393876813207844e-05,9.461319408191864e-05,22.283756990744095
109.75840720193344,0.4199623953258763,-0.31078710421143263,27.71594619280029,0.43384004080737065,5.534492579517949e-05,0.00021939206514481085,34.462175771814756
113.16751370516702,1.0622578234713342,-0.8058710800815944,26.126819794266282,-0.26144382541562305,4.429661023888695e-05,0.00010604258048871019,11.815200785095977
110.05485124569287,-0.617591757832171,-0.3155968529242723,28.666451955724654,0.14308362684132142,5.130420027831198e-05,0.00018247342174087096,30.857937098174617
111.8829228488761,0.617591757832171,-0.48279026186979807,28.84245926185889,0.23171722300258685,4.9297238743490566e-05,0.00021510050285861233,26.25124706928401
109.56077783942715,1.6057385703636446,-0.43872951036357066,27.124893796002425,0.5149128127981114,5.2616652795617914e-05,0.0002307236435420891,25.908998102904064
112.62403295827471,0.5187770765790237,-0.35954203856802935,27.989302312591917,-0.008985088195329843,5.327457229873753e-05,0.00016982073971231074,33.24408351703901
111.48766412386351,-1.0622578234713342,-0.5205875898091781,26.60162508458268,-0.6040951926031229,4.70945969016261e-05,0.0001296012703517875,19.605482974902365
109.90662922381316,0.5187770765790237,-0.30161650120121486,27.45241899372627,0.45551656352149117,5.5897198568066256e-05,0.0001816967493494498,35.56542513873453
111.09240539885093,-1.4575165484839236,-0.6695854729688595,26.430343858695323,-1.0680897250587558,4.389306700913627e-05,9.855450535593942e-05,15.984958103959555
110.2030732675726,-0.5681844172055973,-0.2414635874777654,28.80538002767679,0.10545432273252509,5.929409154144829e-05,0.00023386664512779892,37.09294837913134
110.84536869571805,-0.27174037344615526,0.07365143983349973,28.069715000670726,0.06943001717696953,6.718585534822538e-05,0.0002388607514154015,59.10057962959871
111.98173753012925,-0.3705550546993026,-0.21439894425118258,28.331988341719978,-0.380338802749728,5.7296077907823376e-05,0.00017658915694650405,42.206083669700746
110.64773933321176,-0.5187770765790237,-0.31434996786280645,28.016685245655253,-0.08815898865829282,5.781037494209003e-05,0.00018989501607536552,39.28475317000433
109.51137049880057,0.07411101093986053,-0.08777026191124342,28.000056556419167,0.24671001934710846,5.39248298950173e-05,0.00022387343213808086,39.75518487906666
112.42640359576842,-0.3705550546993026,-0.3327887652797433,27.92777284692835,-0.5298877454098361,5.146080899834987e-05,0.0001715530160343548,32.19186228254739
113.11810636454045,0.17292569219300788,-0.5404897495954607,23.718065092298673,-0.36810238420227426,4.385276312298231e-05,8.777364070729965e-05,17.889724472027428
113.06869902391388,0.07411101093986053,-0.671823403096737,24.49992393682038,-0.4293681177092186,4.4379811498680146e-05,0.00011655133970395122,18.41193886853546
110.2030732675726,0.07411101093986053,-0.251571345384885,28.26569059866449,0.4466581771403184,6.254468206720411e-05,0.0002406212540669533,38.05003161648186
112.32758891451527,-0.46936973595244996,-0.40362105598132675,26.98955850954411,-0.534516621519018,5.4484572752316395e-05,0.00015101017968525225,32.38256101088497
111.04299805822436,-0.3705550546993026,-0.34881634448754867,24.830110568764837,-0.18391410656917248,5.1785808778213814e-05,0.00017111926341130323,37.21706410506581
109.56077783942715,-0.1235183515664342,0.16177776540933184,28.429656648047228,0.12534575550644486,5.836086421517849e-05,0.00018822860310999134,60.50545328022074
111.04299805822436,-1.40810920785735,-0.723171121667294,27.2302480108944,-1.2072732404426292,4.4878344125393566e-05,0.00010538032169876697,16.623932326143173
110.30188794882575,-1.4575165484839236,-0.3440611191158358,28.86744599989902,-0.8196683503963327,5.1439714826945954e-05,0.00021524522980591519,31.351495582386644
110.84536869571805,0.7658137797118921,-0.20757520669294813,28.608373613710796,0.32434447753576584,5.5333269108918106e-05,0.00018272861897692668,38.72329495897456
110.35129528945232,-2.6927000641482657,-0.3642382890426532,27.54695566907344,-2.8490262605525833,5.404183204599789e-05,0.00012515721160035573,39.54943253807847
110.79596135509148,-1.6057385703636446,-0.5223216048975977,27.82255727979873,-1.3848983549777372,4.619812442382647e-05,0.00016171502728000626,19.665180592523413
110.35129528945232,-1.7539605922433656,-0.3161492547078293,28.47992550414284,-1.2786564929985704,5.1529918931071096e-05,0.00022637119698228032,40.264945937660606
111.04299805822436,-0.46936973595244996,-0.21321821149285689,24.858681050053406,-0.31599945933730506,4.422223844726924e-05,0.00013828695081350375,31.489618560863384
111.98173753012925,-0.5681844172055973,-0.8062259889599569,26.60950088030029,-0.4869830446478762,4.870538046924593e-05,0.00015497480657731722,8.444660682235297
113.11810636454045,1.3587018672307762,-0.7391802348238568,25.358879979451558,-0.04857053138591626,4.2709046394098985e-05,7.887403471078675e-05,13.76292577285352
110.45010997070547,0.32114771407272896,-0.15002867923782656,28.19419657860277,0.5490781834096086,7.091761713954617e-05,0.00025280901052546087,44.37708546569476
110.25248060819918,-2.5938853828951185,-0.12673448558882935,27.46800782474469,-2.4985978088261165,5.518610089128652e-05,0.00013078337144335864,52.28290256470451
113.11810636454045,0.7658137797118921,-0.6371816985863112,28.259348970578117,-0.34900214789826195,4.8560253592441794e-05,0.00014508447524925423,18.37523369415707
111.53707146449008,-0.8152211203384657,-0.5314091088313119,27.750225344999308,-0.4458212366810553,4.9194322084760186e-05,0.00012093277557481333,22.065895919660615
112.821662320781,-0.5681844172055973,-1.1177135673824679,24.877582356959238,-0.31385870774586994,4.426368966862831e-05,0.00012083132607627062,7.538585404026931
110.45010997070547,-1.704553251616792,-0.4694387148884765,28.69171598928949,-1.2384011701301292,4.9074345427725775e-05,0.00018494769391730388,32.070988873496255
109.31374113629427,-0.17292569219300788,0.027464134944650782,28.608054121040993,-0.1751024384557465,5.41576627494017e-05,0.00022317803519406054,50.71478836248433
109.75840720193344,-0.7658137797118921,-0.12543527621803888,28.60768037489902,-0.09141193643028353,5.249337439010585e-05,0.00020464109006289324,41.69870270810504
110.10425858631945,1.1610725047244816,-0.3543142432160046,25.85450956085583,0.16201884216732446,5.254805578943699e-05,0.0002017552058301491,31.20547107639205
112.62403295827471,0.07411101093986053,-0.7093972817532519,27.10031094492217,-0.4580810143623823,4.76151963993728e-05,0.00013337437454783433,13.590353453064754
112.92047700203415,1.556331229737071,-0.6059338340275114,25.928300311241628,0.12338735586331216,4.39114704425771e-05,0.00010616090357906457,15.173359868736052
113.46395774892646,0.7658137797118921,-0.7083432841004655,26.245125518610507,-0.4358054428924749,4.328061362219832e-05,0.00011842782934701993,13.81157748735987
